model,split_id,seed,validation_mae_eV,test_mae_eV,git_commit,config_sha256,manifest_sha256,prediction_sha256
schnet_add,host_cv5_f0,342,3.019513026087306,4.12875520814444,6c401374baa9ac22b5fa4353d467366ac7cc222f,559b546eb9bf3913ba1a36577d41d746c4b559cd277a674d14199803297a9821,9b329bf9b65e95b27360aa0408c14e42669df086232629b694816daf6fef9713,4aef5a6f5e69ffc00b00cb4c157d9e999f79dcdc5f564c0db420308e3883aac1
schnet_add,host_cv5_f0,343,3.7513723944041755,3.6615002706114734,6c401374baa9ac22b5fa4353d467366ac7cc222f,0e950710b95479952abf4b2ad1548a7ab425b9da50ad6c27e1b132b1f2c7fe19,fbd91b8def8323880b8d9b28aed1df703593f6a9c2e0becc4c5d22433a4f01ac,ac2f1664af69d8c430331c9c67497391e2458bf4e5bf47f94a97806c154034b4
schnet_add,host_cv5_f0,344,2.7825902635557824,4.4886913781518825,6c401374baa9ac22b5fa4353d467366ac7cc222f,abfdc9477ce17a9b9d2b9bef11a8e5e1f385b6aec23eacc84a334276d793a7c6,4c582218c59532a1bf0d241f5722179079b0dd57cb1731b891fc8ae1b9586c87,5b81689012808de137a78c3dcb9495f23b8d836549266c9bbf59b083ca774c6b
schnet_add,host_cv5_f1,342,3.7958853020553063,15.563882027559753,6c401374baa9ac22b5fa4353d467366ac7cc222f,f45134a8b69ec46c14e29e790ae5793463df6072c021afb374b18e9b91402f47,693839bb7af28a2fbda4ede0e351668d0d7077861b5cf38dd0497db664555cab,74d2b727b53935a9238780b51b46621429b77f796f0e22aa3515c9d50defca08
schnet_add,host_cv5_f1,343,5.2227787254679985,6.644217233615325,6c401374baa9ac22b5fa4353d467366ac7cc222f,5b089a3612b02650edcfd78952d7134a775ecfb2191bcbff07bcb1e577baf612,8c84183df9d3674b537446ac18ea8128c64154bfcf85efb357890c57d5aab946,ddbdb57996b6e4b063a08b4f50d54357407215d819ebe992e4089fbbf41a7e0d
schnet_add,host_cv5_f1,344,3.7019476916649294,5.4118878809879645,6c401374baa9ac22b5fa4353d467366ac7cc222f,8c93b26eb61a1f05df1262c50be02ff9419cc9ca2ec05f6c239c38f9bd38f3c7,df76be5fba175c527250420ee9d1ef24818017ad35e3fa3b6d8e51de109c1757,629bba10d8759ab5488f025b7f6afd0292924e237432e9c1e39e73b5d78ae5ec
schnet_add,host_cv5_f2,342,8.083727377303411,5.115902322631235,6c401374baa9ac22b5fa4353d467366ac7cc222f,130db0e392b0f882440cb64b3c1cfece6d7772405b71c6397c8b6185838e7a5e,b30c7eb30ddba756280f93686027e39ef77cce0de7c874336cc23f246a05429f,d4d14c2ed3fee7360d219eb6461c3b3ad1738355678c9aa192314c1d9af5591c
schnet_add,host_cv5_f2,343,6.1281013169301435,6.910755325525158,6c401374baa9ac22b5fa4353d467366ac7cc222f,94e6ff76ab6838fdfc4cce4bcf886a0f65be7d190ba62d153597615bb2405aaf,206fe68393efbc7d1a0151fe8cbd826d6020cd10ccfcf001d73d49c8595c4ac1,76914c8dc25828fd54ece9a609340e21e285c0502587ccdaff6b0275cb78a7d6
schnet_add,host_cv5_f2,344,5.338213064907482,5.4643946040683895,6c401374baa9ac22b5fa4353d467366ac7cc222f,0048b373f2a0144ec883cac517abace4e0e2b19c709c3a56116fc3d9f98b0b59,67ca6fda29f883c1fb350f3a2ff8aac0fc5ad63763cdcc6c99eb4d92475ab78d,8235a053a30fbb52117eccafe1eae6c6c2396ca7988e9784571be497d36cb9e2
schnet_add,host_cv5_f3,342,7.2507920561809955,10.589079528087167,6c401374baa9ac22b5fa4353d467366ac7cc222f,506de31a596742a54a59b16d271b3a3f04c7cb2ce1439af7a583eed24eaabac6,4b09ad49f25fa73fff7feb065dd73f5e45bb8645f290b3b58b63e6d25fd5a82a,deee1891ff6a1db20c25afd2ecde38b98212fe34937dc99b56097897be901d6c
schnet_add,host_cv5_f3,343,2.683417982340053,3.0854741517765882,6c401374baa9ac22b5fa4353d467366ac7cc222f,075ce4b0950cdcc9c91147e3eda1e4464476d337964d4650aa3bf02de7e4cac3,b01bc481d6585a523afd2377407207f4b91c8ddf4c47514a1ec353c54fe25c24,556c1799a7d7afe658ce404cfd57434c45d7ab0a0630f0688e67f9c4fa3491f8
schnet_add,host_cv5_f3,344,3.8637222118097254,4.530597671840157,6c401374baa9ac22b5fa4353d467366ac7cc222f,ce4fd5bbd62a0e45cf706d8b13b3ff82885dc4530d887f165943617ebfc3cf9a,1d6f011eef1d982158fd17c88a8b3bdc9ad7ec81fd3023fe1186f8cd65706914,43829f768d3fc346afd6de90e517b22fcea0377723284081a630cf7c3e54421d
schnet_add,host_cv5_f4,342,3.073739483594817,26.37980331369546,6c401374baa9ac22b5fa4353d467366ac7cc222f,d67de0ada0c965a550d364ff43dc6061eec74e35ab2de9d7b56822f029c60c1e,d6a47d0716b2c1c9e826fe3574ac5f27e619682c367fb4894a5ce129304c9962,72a15a4a660913da0e2d74e8426d367dce1d64457ed399bb858e99caca108f7c
schnet_add,host_cv5_f4,343,1.858071886356119,6.376740070963813,6c401374baa9ac22b5fa4353d467366ac7cc222f,dc98464f6a14fdd1c12b3aa6d33aea1d29e74e3e42aa2d4b118b264725fc9c62,5340eac6feb82aceb40630f96f98d927792215cc660e025ac03c7bf4950ed64b,8092b6bf8c13cfbfc4922e7788a6b55b626308c49c84048ea11dccff3f631120
schnet_add,host_cv5_f4,344,3.3991451582881047,7.137826013775834,6c401374baa9ac22b5fa4353d467366ac7cc222f,7c70d348d6bee872a696adaf4881b1c2d5da1edd8c56167c39d63f92da4d702c,7a35ff53f470ba1ff35a3717bf36f7e448e13c90318ddf74fdef9a09c860ec12,8a1097d2f017fef9c0dc9a9f3e2c639e3832bab0fbb864c3c14ff98edc1f5290
schnet_mean,host_cv5_f0,342,2.251047566717932,2.0894831641104386,91cb8aca9f638e0ad46d78691e96b75b7b8d91c8,10f1e24fd13cd4b54fb47fe0c706a3755b250f52a1ba1f7a6d0e9611b70e4162,4569b011959d45d23dec6b71ebe017459e057c5ce66984fbdab5cab5fe8de8b3,86853e093d23d64adeeefc66e32712c9d69a350d8c2a7a54f92c0a37c5f1d08d
schnet_mean,host_cv5_f0,343,1.9978084516255703,3.315726930624057,91cb8aca9f638e0ad46d78691e96b75b7b8d91c8,9f1e8b5e40f6c3bfe68e660a3f35a15db87dcee4c6e92576b69f4828cb8b9746,e4781a40a8105f47c156281c9037f226d0c2d8d034749d3521845451000b52d8,4b03fb4e1f63e881dc1c72427908c23b52ed0a0f30223a060648882472d39f4f
schnet_mean,host_cv5_f0,344,2.037303030436776,1.888448359544637,91cb8aca9f638e0ad46d78691e96b75b7b8d91c8,73070558cb45732edaf5a3e03f01df726f6c358547986959c2801e89504386d0,8f3bd3c16c2858be09842f2338cc6a2c9b63761586cfc0c76c2e2c03d285521a,0e4bd6da00cd42a068ade6fbfe3474850c41d7ed90917a758a91f5faf8652975
schnet_mean,host_cv5_f1,342,2.465090809846402,2.1009327782567633,91cb8aca9f638e0ad46d78691e96b75b7b8d91c8,d72d485fb8c80013b8991088be5d5a7e5b852ff4eb0ff00e9c0f147646ea6b59,146bcdcfd61bcb7109e0c866d72913813ae1b9f2470200320070352d4677d980,2a237ca7136146bd257231fc5508161067c58e2df9cd6ab6830d8eb938b4305e
schnet_mean,host_cv5_f1,343,2.3386358596607986,2.021084933425343,91cb8aca9f638e0ad46d78691e96b75b7b8d91c8,857d18e8a7c00c1c78fe01891f17525a3f2c14b05e0efde899fca2dd59f77a42,2c02d0bc241bd4e9bc94f4f8070bdf9e9fb4cb6e4d2e0323aa60abfad3f0330b,a2c94fa7a0fcfd5f99c8d8b31efceed96db465c41ab7e3ba48c1a818921a9695
schnet_mean,host_cv5_f1,344,2.3866095794171445,2.1392057887869944,91cb8aca9f638e0ad46d78691e96b75b7b8d91c8,fe95a86276b4ab1293260ccb12c22e78eb4564df459d692f92f06789dc510e92,cf8524c06abd1728ec6bf11659c8335166e556fad9d94c3011925a2409406fa4,481ee929bc65cd1b5802796a25b0c8fa27a7318608e459028778a53be65e8ae3
schnet_mean,host_cv5_f2,342,2.5405035593244034,2.6467396675750137,91cb8aca9f638e0ad46d78691e96b75b7b8d91c8,0c73be3233e192fbbd9d74290db43d7c083beefabc1d1ed9f82603ffd7ccd127,a0f5aeeadf5d5e7360d4276b54a78e0385f86c21b7c1b2cb9032e4bc482c1e68,1c04947002bc953e90059fe07b6063f97bc346a0a4717ca347d782773aa2110f
schnet_mean,host_cv5_f2,343,2.467285159220996,2.5131961429089413,91cb8aca9f638e0ad46d78691e96b75b7b8d91c8,42f998ece6b560d61dd924750838d32c33458f0a28b8fb62e8496522ea6a59c9,9e7d4145dba4311955e80d6fd34bca1b311c0fb140fb9c4d8fb4ad8b31c8c9df,500dc2ab74f2fd31e55dc93f7303a49fc4e3692bc1155a6c6a3ea50e22ed3999
schnet_mean,host_cv5_f2,344,2.443205319450943,2.4761744459092796,91cb8aca9f638e0ad46d78691e96b75b7b8d91c8,0b2ba6fd8f3adf971c1a59d86d68e284f56bd29b4854357652366b55fe0be229,d536efe6760ac9e2222177ada83ba83db8896c6ca3f95d8e279a2dc05932a75f,b76c6b6972fb909ee0ba2a41567560c0c821b52c659f21c261f7a34ae263aa3c
schnet_mean,host_cv5_f3,342,2.4357391836962856,2.5435103812039,91cb8aca9f638e0ad46d78691e96b75b7b8d91c8,6dd6666a4fe26a191c04c3268d875ce8c4fafa0ba490687cca85f4744e462c6f,cbd57d25fe261e5696e4af7a06ef8c8fcb4ada58cf3f179d5da1858a83f69a40,fa9c0dabf98efc88abf8d0a1d273a524f9aae42231cc053a5615f2e11cf654cd
schnet_mean,host_cv5_f3,343,2.3201427878261587,2.477593332631391,91cb8aca9f638e0ad46d78691e96b75b7b8d91c8,cf16e5243a22b81abd23ea779473c01b47e72007d271a02dba334a4c92611123,606a39bd3873265d03fcb5d381c9bc2cd625173e1925b6d5a1194b398c78c1a3,e39e99eb186be2cf63911a69217a2a8460f09ebde3f292af8e331117f524e048
schnet_mean,host_cv5_f3,344,2.230671019977591,2.4238721179229414,91cb8aca9f638e0ad46d78691e96b75b7b8d91c8,c26620b47c984f0488a020d7f2ed354df54c240dc125baa630db0071f22e7720,9f706e2165c1345e29bb4c60e868a0d3231d357122e2585f51f297626d3044b4,538a79ad27a46c3f80450bc15b2bc31b8074fa131ff97d8baec2fdccee87c23c
schnet_mean,host_cv5_f4,342,1.743896044230478,4.075437260520099,91cb8aca9f638e0ad46d78691e96b75b7b8d91c8,d9c964320c7947b06d1f1109ee46cdce0dca061e14877b6087a85b3e9a78d6aa,fbf0ab12693fd238e9f40da890d2fba132d72984fa3c6d820acdea04945356ac,c2f089a49cc5b298cd6831d52a983744060e4ce5b3f90ee7f83d663d815edb5b
schnet_mean,host_cv5_f4,343,1.692622168592232,6.503798961167628,91cb8aca9f638e0ad46d78691e96b75b7b8d91c8,0ce76f8308db888de8af961d5dc3ce40dcca791e5e592c188a4eaab2c66b896b,7c6e686b970ee0bbd38f0a221314e6d3746e39b16e7e9055ab5574ba480682e0,2ec28f1d82f82000248cba7fdde43019cf965aed1bae55c46ca7e2ed735e122a
schnet_mean,host_cv5_f4,344,2.0218277443610075,2.2622559423033413,91cb8aca9f638e0ad46d78691e96b75b7b8d91c8,7b1afeb0176abdb7c34e1945dcce0ee6c000c68a41ea03861371fe53dde0494a,016b63ae4615898449474bd3a9104073501331f8bc92d5bc32a4382801e465c5,a5213019af8de5e3cf87243509d0e41f38940d60c5f0a0e92794c278f36395b4
