axis,group,n,mae_eV,rmse_eV,bias_eV
host,As2,231,0.33966579514598016,0.7297621534081383,-0.028091004001608837
host,Bi2I6,52,1.859805947430578,2.590635436839382,-0.06079580313058873
host,BiITe,54,1.6184117612917772,2.0311776339847034,-0.3175987256972117
host,C2H2,220,0.4880488089948423,0.9113383579998867,-0.12157220561833801
host,Cr2I6,324,0.44566183733891085,1.0268853081953295,-0.08784600593364855
host,Ge2,183,0.33939593537994733,0.5299258610294036,-0.042809514799179764
host,Ge2H2,219,0.7545421539281156,1.4872300171373707,0.16124878842300988
host,Hf2Te6,416,0.4332437337747572,0.687306929959921,-0.03522497386940417
host,HfS2,272,0.30658967513136764,0.6638562637911255,-0.09143696503791177
host,HfSe2,272,0.3195757249904389,0.7785322548279603,-0.04454157362998218
host,Mo2CO2,164,0.7532816489041162,1.3794140023187034,0.019597170023300026
host,MoS2,285,0.3370599025096535,0.7126461877793138,-0.03343349839764642
host,MoSSe,442,0.37744100449422474,0.9943301780471904,0.045925581710570804
host,MoSe2,291,0.3593370058161971,0.9059165914340123,-0.016229397862490107
host,MoTe2,259,0.32692628005996727,0.7354830453204259,-0.08348653766836574
host,Nb2CO2,186,0.449137889245352,0.8862694163196352,-0.11826721170516186
host,Nb4C3,204,0.9547039335070656,1.9370008208933138,-0.07177944064559195
host,NbS2,341,0.5801519618219755,1.2054175305573334,-0.1635973496645609
host,NbSe2,345,0.4330170111094382,0.7880021459584625,-0.007012248601266188
host,NiSe2,252,0.39860951620089463,0.7860594974567665,0.0007702105044763729
host,P4,179,0.40193939817143015,0.598277032397057,0.02163358439456573
host,PbI2,66,1.0710775852022103,1.4981486330611755,0.049903108884447024
host,Pd2Se4,161,0.45951018329518917,0.8383476487790746,-0.06116938512948401
host,PtS2,273,0.31381595574290533,0.6209275806396118,-0.054738643812619815
host,PtSe2,259,0.3370778771412121,0.5944827871216952,-0.06723018402589342
host,Re4S8,234,0.2660041764516067,0.4434878785913864,0.011187138334100611
host,Re4Se8,257,0.3174374294202358,0.6161903092260438,-0.043462220408315766
host,Si2,233,0.3457589299077613,0.523520428588181,-0.03070376921192782
host,Sn2,195,0.37959678223384574,0.5710391868205956,0.05700121193720604
host,SnS2,246,0.6630205503272917,1.2305447102161384,0.24140425041045438
host,SnSe2,191,0.41091442855972654,0.74137991904698,-0.05229126670113722
host,TaS2,213,0.41405447352200436,0.8029467994731021,0.031951825975110294
host,TaSe2,215,0.45150914378703255,1.1488014795511128,-0.03820142366446699
host,Ti2CO2,1,0.7790135202851847,0.7790135202851847,0.7790135202851847
host,TiO2,225,0.5984520505560211,1.1669365016382867,-0.09411106487335207
host,TiS2,231,0.4542582229636932,0.7602559630117863,-0.003830717385520232
host,V2CO2,199,0.5841281862491942,1.1022297366615175,0.11966210977897979
host,W2Se4,228,0.42925072572818224,0.9354980899771665,-0.09095469010114667
host,W2Te4,268,0.4186351054072191,0.7328239874367386,-0.050756538056475294
host,WS2,246,0.27087861795917423,0.7254243989588448,-0.10250776156340809
host,WSe2,287,0.3631046630740711,0.7710586385151368,-0.04446302001393204
host,WTe2,265,0.3894684370425495,0.9818248898171088,-0.11664958286997523
host,ZrS2,264,0.3156734025495221,0.7535406526331949,-0.10238621558258203
host,ZrSe2,276,0.31191910277559676,0.9808030045610809,-0.07236152246846274
dopant,Ag,165,0.30340242102462955,0.6179137996303379,-0.06761738010349219
dopant,Al,185,0.42357849070730613,0.9446549078603468,0.1264161974837612
dopant,As,164,0.33398718582317877,0.7524373209354773,-0.07722104941085035
dopant,Au,160,0.2961829817690369,0.5512300561703478,-0.05164995346168209
dopant,B,220,0.6266538013280457,1.0541453494914663,-0.061456425332154445
dopant,Ba,143,0.32446235951374547,0.6448960886366033,0.06776818009247078
dopant,Be,215,0.4434179472605784,0.7078520672399343,-0.006984373433730349
dopant,Bi,36,0.8781445553867873,1.613218750585491,0.04526337437913078
dopant,Br,173,0.3081088380490178,0.6454670425810173,0.1108149811451619
dopant,C,185,0.5593748249243202,0.8684074522854658,-0.06325316738281994
dopant,Ca,183,0.3516948250640375,0.6548310112302506,0.035200142320218744
dopant,Cd,163,0.4267457062020215,0.8877973561588436,-0.07557400061365757
dopant,Cl,185,0.39155150060650423,0.769815043663297,-0.01610565294297457
dopant,Co,182,0.34859895409185465,0.685742453354443,-0.009306135424577042
dopant,Cr,179,0.5563253176865055,1.5209899974160945,-0.35756294240406
dopant,Cs,156,0.5766560111600231,1.487368442374801,-0.07968690517293438
dopant,Cu,162,0.35259943879090777,0.7057880142114185,0.07565620992456783
dopant,F,212,0.610401120302008,1.3346694679089404,0.015079323323973529
dopant,Fe,171,0.3145510061449856,0.5033562497066787,0.05235632526249265
dopant,Ga,143,0.31066379604854977,0.5348813033798424,0.03200015700856102
dopant,Ge,140,0.3739625445755028,0.6423440294531308,-0.02363128527203906
dopant,H,234,0.3682408642558059,0.5821859109626494,-0.07240240032756481
dopant,Hf,134,0.5860218070568822,1.2395266967031002,0.07701284596419837
dopant,Hg,144,0.35877364681650575,0.7182504846070916,0.027355116041942712
dopant,I,143,0.3427724383656898,0.8292896665363635,-0.042048266086401956
dopant,In,35,1.579000663511997,2.4915048043020955,1.0313175038501026
dopant,Ir,129,0.5436996838356666,1.2688773885675155,-0.07258963042937173
dopant,K,165,0.2681265847974521,0.5377498467173434,0.014973221853608451
dopant,Li,209,0.5080607771925691,1.1432498459286913,0.07121646566747278
dopant,Lu,184,0.6503990551730687,1.17736780584237,-0.12375128562521157
dopant,Mg,189,0.37044165747863306,0.7534488193421752,-0.08127846616537836
dopant,Mn,188,0.27703263883671164,0.4143237898472833,-0.03519066106650455
dopant,Mo,132,0.4276416314235222,0.7622280372743925,-0.11259694938252078
dopant,N,211,0.6771680371714401,1.2709309260099824,-0.14097620530728444
dopant,Na,81,0.5798190728131021,0.9428736714697511,0.16802472125918985
dopant,Nb,128,0.3176498679233123,0.5402260402998051,-0.026947973643958033
dopant,Ni,165,0.39305489038016805,0.6223452048308565,-0.08825416894714846
dopant,O,202,0.6942764933766425,1.364127387608517,-0.061667543322380454
dopant,Os,144,0.5411986855371248,0.9727368913812752,-0.20229471447272462
dopant,P,182,0.3684943098713107,0.8214990949764217,-0.0725341903638316
dopant,Pb,63,1.012642863410326,2.416718731216457,-0.13306260176155127
dopant,Pd,158,0.2985242553218335,0.5547747634872514,0.09698126975961287
dopant,Pt,146,0.38428088041939584,0.7783005142267251,0.029505395885871276
dopant,Rb,162,0.33563243589207437,0.9276382069634694,-0.09669223417135062
dopant,Re,167,0.6309913432849413,1.1662028033950569,-0.21383867144692148
dopant,Rh,150,0.3247755975000795,0.5813447162485382,-0.0353883493738727
dopant,Ru,162,0.698787446616947,1.7022240751439075,-0.12327173000119462
dopant,S,133,0.4314565061153374,0.6148740477521156,0.11172615850584246
dopant,Sb,154,0.38927172498175416,0.7271951563095429,-0.1220070014766968
dopant,Sc,170,0.36373848189501573,0.8060168364802296,0.04938175453586328
dopant,Se,110,0.3624995725407194,0.5413558556024698,-0.05200938023773891
dopant,Si,175,0.4063492924094549,0.753320518237244,-0.03204894670001915
dopant,Sn,126,0.4474390049571301,0.821352419292688,0.0267771528254129
dopant,Sr,157,0.3291098720575494,0.726902344691719,-0.037235227610521934
dopant,Ta,139,0.6024546420864745,1.2900472367777,-0.12252172791219303
dopant,Tc,156,0.334582561995049,0.6500021434227232,-0.033906730786319894
dopant,Te,132,0.37976673529054045,0.971610906206568,-0.12607922490205348
dopant,Ti,159,0.36034725646882143,0.6512994046886357,0.005844877680406182
dopant,Tl,139,0.28576250522565466,0.4819393478146509,0.08834795085856281
dopant,V,170,0.3411370675182955,0.6894500493126547,-0.04170513828620096
dopant,W,137,0.4731669207380679,0.8319309210129895,-0.025298528076553046
dopant,Xe,167,0.7061505173230839,1.4982900677509174,-0.18606353426389982
dopant,Y,162,0.40559496409109436,0.8407527871945103,-0.04930277447756903
dopant,Zn,157,0.4513774023528336,0.8319094252696836,-0.08354888292287718
dopant,Zr,152,0.37175877428890086,0.6950555032261014,-0.06511401862906363
defecttype,adsorbate,6925,0.3153574229972856,0.7079345738020912,-0.021971150154169426
defecttype,interstitial,3299,0.7078014458770107,1.291622354852891,-0.060737179498504205
site,ads0,2324,0.2501388830682118,0.6444622087331828,0.00014077633170162738
site,ads1,2176,0.2809487673911446,0.5455934900088777,-0.016227177837898534
site,ads2,2029,0.3464575705535972,0.6891249290609048,-0.006658689383143205
site,ads3,64,0.2613514241495704,0.74630823392443,-0.0949314993874425
site,ads4,61,0.2562125908327012,0.4032216810982372,-0.04947054855524436
site,ads5,65,0.35423140964114924,0.8373536395198558,0.12861980340373264
site,int0,1029,0.810977513895191,1.4199076750017885,-0.12473915377324701
site,int1,822,0.8068955432638801,1.4654045063689154,-0.02052976554193086
site,int2,794,0.6640066024733706,1.195137403493836,-0.0932628347842464
site,int3,352,0.7664312262343246,1.5912814928950478,-0.1937160409781078
site,int4,452,0.5553125222433888,0.9693094224390784,-0.03222628110341127
site,int5,56,0.3947613969839961,0.5466460227047246,-0.022471597019803707
