model,family,regime,split_id,seed,manifest_path,manifest_sha256,prediction_path,git_commit,validation_mae,validation_rmse,validation_bias,validation_spearman,validation_r2,test_mae,test_rmse,test_bias,test_spearman,test_r2
descriptor:hist_gradient_boosting,hist_gradient_boosting,chemistry_block,chemistry_block_g6x3d,42,/Users/yiminghua/2026Summer/changsheng_sum/prm_runs/baselines/descriptors/chemistry_block_g6x3d/metrics.json,7b0160367702ca2541f9afc7a54bab47221ed74fa5d397ea9f1bc6e7c9486c88,/Users/yiminghua/2026Summer/changsheng_sum/prm_runs/baselines/descriptors/chemistry_block_g6x3d/predictions.npz,,0.6660305014375592,1.1830872085355146,0.08426846218935649,0.9263537476059125,0.8350318968890166,0.6104564725115504,0.9703687997004969,0.2661159496749753,0.874835337579555,0.8344752811317098
descriptor:lightgbm,lightgbm,chemistry_block,chemistry_block_g6x3d,42,/Users/yiminghua/2026Summer/changsheng_sum/prm_runs/baselines/descriptors/chemistry_block_g6x3d/metrics.json,7b0160367702ca2541f9afc7a54bab47221ed74fa5d397ea9f1bc6e7c9486c88,/Users/yiminghua/2026Summer/changsheng_sum/prm_runs/baselines/descriptors/chemistry_block_g6x3d/predictions.npz,,0.6298162072805723,1.2132888372680197,-0.030779545671855764,0.9290690720363817,0.8265018425596891,0.566753591696435,0.9052894868447171,0.14566294840816735,0.8858860429936111,0.8559331155351279
descriptor:mean,mean,chemistry_block,chemistry_block_g6x3d,42,/Users/yiminghua/2026Summer/changsheng_sum/prm_runs/baselines/descriptors/chemistry_block_g6x3d/metrics.json,7b0160367702ca2541f9afc7a54bab47221ed74fa5d397ea9f1bc6e7c9486c88,/Users/yiminghua/2026Summer/changsheng_sum/prm_runs/baselines/descriptors/chemistry_block_g6x3d/predictions.npz,,2.0443961592451765,2.9214730825198845,-0.22441632938960496,nan,-0.005935746872636205,1.7583696474389134,2.8113570710565297,-1.4883070741446904,nan,-0.3893805933671646
descriptor:random_forest,random_forest,chemistry_block,chemistry_block_g6x3d,42,/Users/yiminghua/2026Summer/changsheng_sum/prm_runs/baselines/descriptors/chemistry_block_g6x3d/metrics.json,7b0160367702ca2541f9afc7a54bab47221ed74fa5d397ea9f1bc6e7c9486c88,/Users/yiminghua/2026Summer/changsheng_sum/prm_runs/baselines/descriptors/chemistry_block_g6x3d/predictions.npz,,0.7902055695770619,1.2960288668557514,0.01187483384786462,0.9011093982896842,0.8020316275336036,0.763431705517474,1.0693129352004758,0.07541035955469114,0.8282052104643617,0.798998706912842
descriptor:ridge,ridge,chemistry_block,chemistry_block_g6x3d,42,/Users/yiminghua/2026Summer/changsheng_sum/prm_runs/baselines/descriptors/chemistry_block_g6x3d/metrics.json,7b0160367702ca2541f9afc7a54bab47221ed74fa5d397ea9f1bc6e7c9486c88,/Users/yiminghua/2026Summer/changsheng_sum/prm_runs/baselines/descriptors/chemistry_block_g6x3d/predictions.npz,,1.4878634065051957,2.1377591554545834,-0.08564883568092155,0.6448917436207805,0.46137809299385213,1.247765134919299,1.8211579561003324,0.09084032203199516,0.5907897626738858,0.4169786731495615
descriptor:hist_gradient_boosting,hist_gradient_boosting,dopant_cv,dopant_cv5_f0,42,/Users/yiminghua/2026Summer/changsheng_sum/prm_runs/baselines/descriptors/dopant_cv5_f0/metrics.json,f21d8ff1d61eedb3f2413a50e98bd1a4835f65d1c8e609b56a2be0044446dd69,/Users/yiminghua/2026Summer/changsheng_sum/prm_runs/baselines/descriptors/dopant_cv5_f0/predictions.npz,,1.3539846388831576,1.868535261059553,0.5420730057927946,0.7508780974550506,0.6696557073317791,1.2930010960179739,1.8676865984578948,0.49807856747253754,0.7483081633163183,0.6429751985945646
descriptor:lightgbm,lightgbm,dopant_cv,dopant_cv5_f0,42,/Users/yiminghua/2026Summer/changsheng_sum/prm_runs/baselines/descriptors/dopant_cv5_f0/metrics.json,f21d8ff1d61eedb3f2413a50e98bd1a4835f65d1c8e609b56a2be0044446dd69,/Users/yiminghua/2026Summer/changsheng_sum/prm_runs/baselines/descriptors/dopant_cv5_f0/predictions.npz,,1.3072654888780033,1.8195411137430764,0.45945153581698156,0.7782014969691994,0.6867522510868544,1.2232497152673671,1.8449756257801189,0.44209090215782637,0.7614823328729711,0.6516052136863133
descriptor:mean,mean,dopant_cv,dopant_cv5_f0,42,/Users/yiminghua/2026Summer/changsheng_sum/prm_runs/baselines/descriptors/dopant_cv5_f0/metrics.json,f21d8ff1d61eedb3f2413a50e98bd1a4835f65d1c8e609b56a2be0044446dd69,/Users/yiminghua/2026Summer/changsheng_sum/prm_runs/baselines/descriptors/dopant_cv5_f0/predictions.npz,,2.339655858111198,3.2511624741435594,0.03180319232090187,nan,-9.56986129814208e-05,2.212548426139736,3.126362474319333,0.0616735920609908,nan,-0.0003893040025355621
descriptor:random_forest,random_forest,dopant_cv,dopant_cv5_f0,42,/Users/yiminghua/2026Summer/changsheng_sum/prm_runs/baselines/descriptors/dopant_cv5_f0/metrics.json,f21d8ff1d61eedb3f2413a50e98bd1a4835f65d1c8e609b56a2be0044446dd69,/Users/yiminghua/2026Summer/changsheng_sum/prm_runs/baselines/descriptors/dopant_cv5_f0/predictions.npz,,1.2993456022955523,1.8258057908276089,0.3358944640381559,0.7783313183425467,0.6845915147971903,1.252840871587581,1.791965535157884,0.4549258633534635,0.7799436844576753,0.6713378541472419
descriptor:ridge,ridge,dopant_cv,dopant_cv5_f0,42,/Users/yiminghua/2026Summer/changsheng_sum/prm_runs/baselines/descriptors/dopant_cv5_f0/metrics.json,f21d8ff1d61eedb3f2413a50e98bd1a4835f65d1c8e609b56a2be0044446dd69,/Users/yiminghua/2026Summer/changsheng_sum/prm_runs/baselines/descriptors/dopant_cv5_f0/predictions.npz,,1.925244607620278,2.595669331688138,0.22013966189329984,0.583107347611972,0.36252531347770534,1.935779447084046,2.609082429845575,0.2348240147218431,0.528978603923298,0.30326764071337065
descriptor:hist_gradient_boosting,hist_gradient_boosting,dopant_cv,dopant_cv5_f1,42,/Users/yiminghua/2026Summer/changsheng_sum/prm_runs/baselines/descriptors/dopant_cv5_f1/metrics.json,718c4c3221f01f0ace10064926d39b63f9ebcd7bbc86c77c9c200e05390853d2,/Users/yiminghua/2026Summer/changsheng_sum/prm_runs/baselines/descriptors/dopant_cv5_f1/predictions.npz,,1.0468709149097062,1.5501144079071805,0.004600513671793897,0.7984002072991604,0.7246334397449951,1.356912261945162,1.8172321697519331,0.5270236800489729,0.7584647572067722,0.6875467509715018
descriptor:lightgbm,lightgbm,dopant_cv,dopant_cv5_f1,42,/Users/yiminghua/2026Summer/changsheng_sum/prm_runs/baselines/descriptors/dopant_cv5_f1/metrics.json,718c4c3221f01f0ace10064926d39b63f9ebcd7bbc86c77c9c200e05390853d2,/Users/yiminghua/2026Summer/changsheng_sum/prm_runs/baselines/descriptors/dopant_cv5_f1/predictions.npz,,1.0290316703084763,1.5320128500070307,-0.06755138813901963,0.8162723756386827,0.7310271096981813,1.259719526090767,1.7347895447184531,0.4480022041175199,0.7922977034003552,0.7152538869407606
descriptor:mean,mean,dopant_cv,dopant_cv5_f1,42,/Users/yiminghua/2026Summer/changsheng_sum/prm_runs/baselines/descriptors/dopant_cv5_f1/metrics.json,718c4c3221f01f0ace10064926d39b63f9ebcd7bbc86c77c9c200e05390853d2,/Users/yiminghua/2026Summer/changsheng_sum/prm_runs/baselines/descriptors/dopant_cv5_f1/predictions.npz,,2.0178376629836787,2.9797287007303783,-0.39084661490714534,nan,-0.01750638211163369,2.3105991577929283,3.2519766419772362,-0.07941089174712798,nan,-0.0005966564753241421
descriptor:random_forest,random_forest,dopant_cv,dopant_cv5_f1,42,/Users/yiminghua/2026Summer/changsheng_sum/prm_runs/baselines/descriptors/dopant_cv5_f1/metrics.json,718c4c3221f01f0ace10064926d39b63f9ebcd7bbc86c77c9c200e05390853d2,/Users/yiminghua/2026Summer/changsheng_sum/prm_runs/baselines/descriptors/dopant_cv5_f1/predictions.npz,,1.1729333317471269,1.7399697743229434,-0.10247764146630155,0.7531910648521738,0.6530498322178618,1.343453951763193,1.8459602012319962,0.38934427987584275,0.7753048087566791,0.6775897211839164
descriptor:ridge,ridge,dopant_cv,dopant_cv5_f1,42,/Users/yiminghua/2026Summer/changsheng_sum/prm_runs/baselines/descriptors/dopant_cv5_f1/metrics.json,718c4c3221f01f0ace10064926d39b63f9ebcd7bbc86c77c9c200e05390853d2,/Users/yiminghua/2026Summer/changsheng_sum/prm_runs/baselines/descriptors/dopant_cv5_f1/predictions.npz,,1.775855461520014,2.407310973161225,-0.051636034668134045,0.5173743110571438,0.3358776672893903,1.882114050601025,2.545821889275459,0.24528300594684727,0.6124705108925684,0.3867744451201459
descriptor:hist_gradient_boosting,hist_gradient_boosting,dopant_cv,dopant_cv5_f2,42,/Users/yiminghua/2026Summer/changsheng_sum/prm_runs/baselines/descriptors/dopant_cv5_f2/metrics.json,66644e700bf42bf8eb0da120cf5d92dec8f407e04e8af5fbb8043c4e863daeac,/Users/yiminghua/2026Summer/changsheng_sum/prm_runs/baselines/descriptors/dopant_cv5_f2/predictions.npz,,1.2758730240631777,1.7614850973068235,0.2956118942948716,0.8094038884475178,0.6924184388594535,1.2462185216474864,1.715743018808438,0.09355323316214602,0.7216217982618776,0.6626442050550554
descriptor:lightgbm,lightgbm,dopant_cv,dopant_cv5_f2,42,/Users/yiminghua/2026Summer/changsheng_sum/prm_runs/baselines/descriptors/dopant_cv5_f2/metrics.json,66644e700bf42bf8eb0da120cf5d92dec8f407e04e8af5fbb8043c4e863daeac,/Users/yiminghua/2026Summer/changsheng_sum/prm_runs/baselines/descriptors/dopant_cv5_f2/predictions.npz,,1.2542865742447584,1.7182278274779759,0.2573735471072911,0.8137276475844025,0.7073396773606448,1.1786526193360636,1.6265869775403121,0.08022714925969249,0.7530018767979265,0.696793661618047
descriptor:mean,mean,dopant_cv,dopant_cv5_f2,42,/Users/yiminghua/2026Summer/changsheng_sum/prm_runs/baselines/descriptors/dopant_cv5_f2/metrics.json,66644e700bf42bf8eb0da120cf5d92dec8f407e04e8af5fbb8043c4e863daeac,/Users/yiminghua/2026Summer/changsheng_sum/prm_runs/baselines/descriptors/dopant_cv5_f2/predictions.npz,,2.382121292116618,3.1763089637617283,0.033332833419540187,nan,-0.00011014044180113203,2.0171617401845348,2.97620481189623,-0.36300554924449924,nan,-0.015101156973166274
descriptor:random_forest,random_forest,dopant_cv,dopant_cv5_f2,42,/Users/yiminghua/2026Summer/changsheng_sum/prm_runs/baselines/descriptors/dopant_cv5_f2/metrics.json,66644e700bf42bf8eb0da120cf5d92dec8f407e04e8af5fbb8043c4e863daeac,/Users/yiminghua/2026Summer/changsheng_sum/prm_runs/baselines/descriptors/dopant_cv5_f2/predictions.npz,,1.2250163996026067,1.7371944710095735,0.09304703246394454,0.8294080637125859,0.700842960141199,1.2266138938582132,1.7978157497058673,-0.1552056833203279,0.7308035505102396,0.62959737552263
descriptor:ridge,ridge,dopant_cv,dopant_cv5_f2,42,/Users/yiminghua/2026Summer/changsheng_sum/prm_runs/baselines/descriptors/dopant_cv5_f2/metrics.json,66644e700bf42bf8eb0da120cf5d92dec8f407e04e8af5fbb8043c4e863daeac,/Users/yiminghua/2026Summer/changsheng_sum/prm_runs/baselines/descriptors/dopant_cv5_f2/predictions.npz,,1.8279461536884478,2.413958870201034,0.005321320647127918,0.6195258810221951,0.4223535845583165,1.8519627212648753,2.4911963766250964,-0.1653684424162034,0.4615560081853214,0.28878710725128476
descriptor:hist_gradient_boosting,hist_gradient_boosting,dopant_cv,dopant_cv5_f3,42,/Users/yiminghua/2026Summer/changsheng_sum/prm_runs/baselines/descriptors/dopant_cv5_f3/metrics.json,97c36741235d68e4ba28d967dc5161216195008f3903c955cf10f224f5cfbc53,/Users/yiminghua/2026Summer/changsheng_sum/prm_runs/baselines/descriptors/dopant_cv5_f3/predictions.npz,,1.357932672968908,1.8171617127371986,-0.0016902572442195267,0.7984951243378606,0.7197675876599534,1.2887994455687641,1.7669459157750762,0.3575593589260667,0.8013040266236316,0.6905084021211958
descriptor:lightgbm,lightgbm,dopant_cv,dopant_cv5_f3,42,/Users/yiminghua/2026Summer/changsheng_sum/prm_runs/baselines/descriptors/dopant_cv5_f3/metrics.json,97c36741235d68e4ba28d967dc5161216195008f3903c955cf10f224f5cfbc53,/Users/yiminghua/2026Summer/changsheng_sum/prm_runs/baselines/descriptors/dopant_cv5_f3/predictions.npz,,1.3428791203586086,1.7879103169270774,-0.09465361096965202,0.797666624326831,0.7287169429665921,1.2969515326077843,1.7869748875460798,0.3440436103539418,0.7850152274484492,0.683452236752135
descriptor:mean,mean,dopant_cv,dopant_cv5_f3,42,/Users/yiminghua/2026Summer/changsheng_sum/prm_runs/baselines/descriptors/dopant_cv5_f3/metrics.json,97c36741235d68e4ba28d967dc5161216195008f3903c955cf10f224f5cfbc53,/Users/yiminghua/2026Summer/changsheng_sum/prm_runs/baselines/descriptors/dopant_cv5_f3/predictions.npz,,2.5356368136267196,3.439442808539492,0.21544488097910294,nan,-0.003939159527186709,2.4078052157289234,3.1811269856843842,0.17816100460001838,nan,-0.003146499420761506
descriptor:random_forest,random_forest,dopant_cv,dopant_cv5_f3,42,/Users/yiminghua/2026Summer/changsheng_sum/prm_runs/baselines/descriptors/dopant_cv5_f3/metrics.json,97c36741235d68e4ba28d967dc5161216195008f3903c955cf10f224f5cfbc53,/Users/yiminghua/2026Summer/changsheng_sum/prm_runs/baselines/descriptors/dopant_cv5_f3/predictions.npz,,1.4083941666652013,1.9441463984039251,-0.09591207481917687,0.7859353672067577,0.6792334004763199,1.2440556178335354,1.785096429673446,0.18568732748831931,0.8067075240933528,0.6841173933927032
descriptor:ridge,ridge,dopant_cv,dopant_cv5_f3,42,/Users/yiminghua/2026Summer/changsheng_sum/prm_runs/baselines/descriptors/dopant_cv5_f3/metrics.json,97c36741235d68e4ba28d967dc5161216195008f3903c955cf10f224f5cfbc53,/Users/yiminghua/2026Summer/changsheng_sum/prm_runs/baselines/descriptors/dopant_cv5_f3/predictions.npz,,1.742654921468541,2.5304281354950118,-0.15529900534311822,0.695875648101761,0.4566005112243121,1.9196025324718,2.546190943040294,0.1438714585481647,0.5717161495797476,0.35733553307098054
descriptor:hist_gradient_boosting,hist_gradient_boosting,dopant_cv,dopant_cv5_f4,42,/Users/yiminghua/2026Summer/changsheng_sum/prm_runs/baselines/descriptors/dopant_cv5_f4/metrics.json,098e8d0e15e0197dc4eb92bd46f3e5e94bc7fbc7abeb7f4625f9493b601c6cba,/Users/yiminghua/2026Summer/changsheng_sum/prm_runs/baselines/descriptors/dopant_cv5_f4/predictions.npz,,1.0719129089921446,1.6119097084524063,0.18498213558524892,0.7949111867292408,0.7340672630763778,1.0585637117817808,1.5785012834179508,0.031162121797388073,0.8829560438035878,0.7885434761249975
descriptor:lightgbm,lightgbm,dopant_cv,dopant_cv5_f4,42,/Users/yiminghua/2026Summer/changsheng_sum/prm_runs/baselines/descriptors/dopant_cv5_f4/metrics.json,098e8d0e15e0197dc4eb92bd46f3e5e94bc7fbc7abeb7f4625f9493b601c6cba,/Users/yiminghua/2026Summer/changsheng_sum/prm_runs/baselines/descriptors/dopant_cv5_f4/predictions.npz,,1.0695248554911567,1.5698434199450852,0.08637286386910413,0.7997811426907661,0.7477663321998107,1.0911723915894702,1.6469024267070125,-0.06764831576147241,0.8546090366891466,0.7698203375403436
descriptor:mean,mean,dopant_cv,dopant_cv5_f4,42,/Users/yiminghua/2026Summer/changsheng_sum/prm_runs/baselines/descriptors/dopant_cv5_f4/metrics.json,098e8d0e15e0197dc4eb92bd46f3e5e94bc7fbc7abeb7f4625f9493b601c6cba,/Users/yiminghua/2026Summer/changsheng_sum/prm_runs/baselines/descriptors/dopant_cv5_f4/predictions.npz,,2.221398558425495,3.127492901885403,0.1042744574149599,nan,-0.0011128746725603822,2.5319687570914824,3.4383132780404706,0.19659059355797767,nan,-0.003279870357062009
descriptor:random_forest,random_forest,dopant_cv,dopant_cv5_f4,42,/Users/yiminghua/2026Summer/changsheng_sum/prm_runs/baselines/descriptors/dopant_cv5_f4/metrics.json,098e8d0e15e0197dc4eb92bd46f3e5e94bc7fbc7abeb7f4625f9493b601c6cba,/Users/yiminghua/2026Summer/changsheng_sum/prm_runs/baselines/descriptors/dopant_cv5_f4/predictions.npz,,1.1523535776338307,1.7115545960875662,0.16067073652556046,0.7894676611715334,0.7001722019397099,1.1519480064456806,1.7580670173108948,-0.027172805460455165,0.8702328934505467,0.7376977218619027
descriptor:ridge,ridge,dopant_cv,dopant_cv5_f4,42,/Users/yiminghua/2026Summer/changsheng_sum/prm_runs/baselines/descriptors/dopant_cv5_f4/metrics.json,098e8d0e15e0197dc4eb92bd46f3e5e94bc7fbc7abeb7f4625f9493b601c6cba,/Users/yiminghua/2026Summer/changsheng_sum/prm_runs/baselines/descriptors/dopant_cv5_f4/predictions.npz,,1.8638201801784862,2.5394154844116255,0.125103401906637,0.5559350749992743,0.33997876554549056,1.7181507123179978,2.492705633701706,-0.17678909294452202,0.7139954645674271,0.4726812664599439
descriptor:hist_gradient_boosting,hist_gradient_boosting,host_cv,host_cv5_f0,42,/Users/yiminghua/2026Summer/changsheng_sum/prm_runs/baselines/descriptors/host_cv5_f0/metrics.json,8c4e48ffa92545268bfb8722e0f7e88d98f1a205be5cabd72ad877de528fae23,/Users/yiminghua/2026Summer/changsheng_sum/prm_runs/baselines/descriptors/host_cv5_f0/predictions.npz,,1.3449675334894222,2.110085529751462,0.3500503995002966,0.7212487751802283,0.40499378824086896,1.0147701894770866,1.8217416479269486,0.06543815329904587,0.835387749989416,0.5923438960542386
descriptor:lightgbm,lightgbm,host_cv,host_cv5_f0,42,/Users/yiminghua/2026Summer/changsheng_sum/prm_runs/baselines/descriptors/host_cv5_f0/metrics.json,8c4e48ffa92545268bfb8722e0f7e88d98f1a205be5cabd72ad877de528fae23,/Users/yiminghua/2026Summer/changsheng_sum/prm_runs/baselines/descriptors/host_cv5_f0/predictions.npz,,1.4028190103173468,2.192164646469676,0.39004191839703883,0.7006025948365969,0.35780381658921456,0.9921499580753037,1.784256801191289,0.05691771199372678,0.8416873013475855,0.608947472665105
descriptor:mean,mean,host_cv,host_cv5_f0,42,/Users/yiminghua/2026Summer/changsheng_sum/prm_runs/baselines/descriptors/host_cv5_f0/metrics.json,8c4e48ffa92545268bfb8722e0f7e88d98f1a205be5cabd72ad877de528fae23,/Users/yiminghua/2026Summer/changsheng_sum/prm_runs/baselines/descriptors/host_cv5_f0/predictions.npz,,2.2335154985682015,2.852347907413964,0.8079845743465512,nan,-0.08724238310696197,2.2022236487154223,2.9175039311257356,0.6089286782002957,nan,-0.0455463135486871
descriptor:random_forest,random_forest,host_cv,host_cv5_f0,42,/Users/yiminghua/2026Summer/changsheng_sum/prm_runs/baselines/descriptors/host_cv5_f0/metrics.json,8c4e48ffa92545268bfb8722e0f7e88d98f1a205be5cabd72ad877de528fae23,/Users/yiminghua/2026Summer/changsheng_sum/prm_runs/baselines/descriptors/host_cv5_f0/predictions.npz,,1.3208702937123746,2.0530898946555487,0.38435832630027555,0.7035845920275576,0.43670316380118346,1.033012521631307,1.8869649168031482,0.02935903003131108,0.8108897268626689,0.5626309708697196
descriptor:ridge,ridge,host_cv,host_cv5_f0,42,/Users/yiminghua/2026Summer/changsheng_sum/prm_runs/baselines/descriptors/host_cv5_f0/metrics.json,8c4e48ffa92545268bfb8722e0f7e88d98f1a205be5cabd72ad877de528fae23,/Users/yiminghua/2026Summer/changsheng_sum/prm_runs/baselines/descriptors/host_cv5_f0/predictions.npz,,2.1981351832207556,2.9067344723104855,0.7511122892136533,0.4785326993372996,-0.12909920993459778,1.85450892276244,2.5296790191835075,0.44910576326016666,0.549515809739698,0.21394811612565423
descriptor:hist_gradient_boosting,hist_gradient_boosting,host_cv,host_cv5_f1,42,/Users/yiminghua/2026Summer/changsheng_sum/prm_runs/baselines/descriptors/host_cv5_f1/metrics.json,73a1434dedc2cd4076dce8eafe4fc73234ba49c46f80c1e0296b5c9f26b4d587,/Users/yiminghua/2026Summer/changsheng_sum/prm_runs/baselines/descriptors/host_cv5_f1/predictions.npz,,1.2273862168173584,1.8395609621801596,0.06354292453959434,0.8183170849711433,0.7049244507778365,1.2325452027653672,1.794644758372746,0.11410262366035175,0.7526230963297765,0.5695939465114408
descriptor:lightgbm,lightgbm,host_cv,host_cv5_f1,42,/Users/yiminghua/2026Summer/changsheng_sum/prm_runs/baselines/descriptors/host_cv5_f1/metrics.json,73a1434dedc2cd4076dce8eafe4fc73234ba49c46f80c1e0296b5c9f26b4d587,/Users/yiminghua/2026Summer/changsheng_sum/prm_runs/baselines/descriptors/host_cv5_f1/predictions.npz,,1.2397121311082273,1.8248298173682547,-0.10263851682201588,0.8291520974818815,0.7096314392554288,1.3316085217590041,1.9520154205638178,0.16737110784704454,0.7057465129344161,0.4908006160148888
descriptor:mean,mean,host_cv,host_cv5_f1,42,/Users/yiminghua/2026Summer/changsheng_sum/prm_runs/baselines/descriptors/host_cv5_f1/metrics.json,73a1434dedc2cd4076dce8eafe4fc73234ba49c46f80c1e0296b5c9f26b4d587,/Users/yiminghua/2026Summer/changsheng_sum/prm_runs/baselines/descriptors/host_cv5_f1/predictions.npz,,2.448159270164126,3.3924860536872177,-0.20190246851254007,nan,-0.0035545785208124236,2.1562179422259318,2.8020113427719,0.6068097333394917,nan,-0.049206951238014884
descriptor:random_forest,random_forest,host_cv,host_cv5_f1,42,/Users/yiminghua/2026Summer/changsheng_sum/prm_runs/baselines/descriptors/host_cv5_f1/metrics.json,73a1434dedc2cd4076dce8eafe4fc73234ba49c46f80c1e0296b5c9f26b4d587,/Users/yiminghua/2026Summer/changsheng_sum/prm_runs/baselines/descriptors/host_cv5_f1/predictions.npz,,1.2379527076716978,1.897350620911776,-0.010405633934923202,0.8303904356926757,0.6860936925719603,1.4169305276749553,2.0527895775842397,0.4260638382492498,0.6845655006327866,0.4368679449771177
descriptor:ridge,ridge,host_cv,host_cv5_f1,42,/Users/yiminghua/2026Summer/changsheng_sum/prm_runs/baselines/descriptors/host_cv5_f1/metrics.json,73a1434dedc2cd4076dce8eafe4fc73234ba49c46f80c1e0296b5c9f26b4d587,/Users/yiminghua/2026Summer/changsheng_sum/prm_runs/baselines/descriptors/host_cv5_f1/predictions.npz,,1.9348937861942246,2.6098987524305044,-0.14884055017529255,0.6225296685323497,0.40604687140945805,2.911162775808442,3.819398055834642,1.6842729705910788,0.4316336006424042,-0.9494460760220884
descriptor:hist_gradient_boosting,hist_gradient_boosting,host_cv,host_cv5_f2,42,/Users/yiminghua/2026Summer/changsheng_sum/prm_runs/baselines/descriptors/host_cv5_f2/metrics.json,8b87f05de583a0971d45b10b1e7926548528f3af270da4b7bfdec4e999917be2,/Users/yiminghua/2026Summer/changsheng_sum/prm_runs/baselines/descriptors/host_cv5_f2/predictions.npz,,1.1953481349823394,1.9488013173806926,0.0803680532687607,0.8500651760616552,0.6537145574228902,1.3596987455056555,2.0863767317677135,-0.07087988275168582,0.8045217305282174,0.6204313668352193
descriptor:lightgbm,lightgbm,host_cv,host_cv5_f2,42,/Users/yiminghua/2026Summer/changsheng_sum/prm_runs/baselines/descriptors/host_cv5_f2/metrics.json,8b87f05de583a0971d45b10b1e7926548528f3af270da4b7bfdec4e999917be2,/Users/yiminghua/2026Summer/changsheng_sum/prm_runs/baselines/descriptors/host_cv5_f2/predictions.npz,,1.17623287696937,1.9270390948603462,0.08518802818835727,0.8544306072062897,0.6614052993626782,1.2392163011679995,1.920147545550994,-0.13920568480718312,0.8406718990716587,0.6785051223828444
descriptor:mean,mean,host_cv,host_cv5_f2,42,/Users/yiminghua/2026Summer/changsheng_sum/prm_runs/baselines/descriptors/host_cv5_f2/metrics.json,8b87f05de583a0971d45b10b1e7926548528f3af270da4b7bfdec4e999917be2,/Users/yiminghua/2026Summer/changsheng_sum/prm_runs/baselines/descriptors/host_cv5_f2/predictions.npz,,2.343744672438135,3.3122396803946206,-0.060017736394459995,nan,-0.00032844172853252473,2.4325607416196657,3.4063217308751117,-0.36719302357370975,nan,-0.011756923634416827
descriptor:random_forest,random_forest,host_cv,host_cv5_f2,42,/Users/yiminghua/2026Summer/changsheng_sum/prm_runs/baselines/descriptors/host_cv5_f2/metrics.json,8b87f05de583a0971d45b10b1e7926548528f3af270da4b7bfdec4e999917be2,/Users/yiminghua/2026Summer/changsheng_sum/prm_runs/baselines/descriptors/host_cv5_f2/predictions.npz,,1.3089632017990394,2.144735269997482,0.153507011335352,0.8273211034816531,0.5805825521792276,1.4784207435012988,2.319255444501585,0.20498320443054216,0.7553393538985329,0.5309684854068976
descriptor:ridge,ridge,host_cv,host_cv5_f2,42,/Users/yiminghua/2026Summer/changsheng_sum/prm_runs/baselines/descriptors/host_cv5_f2/metrics.json,8b87f05de583a0971d45b10b1e7926548528f3af270da4b7bfdec4e999917be2,/Users/yiminghua/2026Summer/changsheng_sum/prm_runs/baselines/descriptors/host_cv5_f2/predictions.npz,,2.7004150301802405,3.949819202222941,0.9659501796658158,0.5195425601527185,-0.4225041408902055,2.343919040708351,3.0909296634128642,0.676517356872024,0.5439059010508943,0.16692692238854256
descriptor:hist_gradient_boosting,hist_gradient_boosting,host_cv,host_cv5_f3,42,/Users/yiminghua/2026Summer/changsheng_sum/prm_runs/baselines/descriptors/host_cv5_f3/metrics.json,f1829b4d1e427a24b5a53cb129bd1b08042df0072d9f5b1d52b6d555c4e1fce4,/Users/yiminghua/2026Summer/changsheng_sum/prm_runs/baselines/descriptors/host_cv5_f3/predictions.npz,,1.2854283143643148,2.0978008808714046,-0.6227003987096684,0.8563935754325941,0.6382488225982395,1.1176407893350937,1.7364683183867033,-0.04662402447244278,0.8628258129343549,0.7250632251863935
descriptor:lightgbm,lightgbm,host_cv,host_cv5_f3,42,/Users/yiminghua/2026Summer/changsheng_sum/prm_runs/baselines/descriptors/host_cv5_f3/metrics.json,f1829b4d1e427a24b5a53cb129bd1b08042df0072d9f5b1d52b6d555c4e1fce4,/Users/yiminghua/2026Summer/changsheng_sum/prm_runs/baselines/descriptors/host_cv5_f3/predictions.npz,,1.2342728894227442,2.1029346636639037,-0.6020585445961829,0.8622383633281725,0.6364760858075326,1.2594606063452476,1.8406063141750448,-0.20182604497785195,0.8161915795417137,0.6910978573559636
descriptor:mean,mean,host_cv,host_cv5_f3,42,/Users/yiminghua/2026Summer/changsheng_sum/prm_runs/baselines/descriptors/host_cv5_f3/metrics.json,f1829b4d1e427a24b5a53cb129bd1b08042df0072d9f5b1d52b6d555c4e1fce4,/Users/yiminghua/2026Summer/changsheng_sum/prm_runs/baselines/descriptors/host_cv5_f3/predictions.npz,,2.416359421327836,3.5726750737190534,-0.7738386277657288,nan,-0.049224604530273997,2.32884408771262,3.315667991082186,-0.16224874541344483,nan,-0.0024002794131550154
descriptor:random_forest,random_forest,host_cv,host_cv5_f3,42,/Users/yiminghua/2026Summer/changsheng_sum/prm_runs/baselines/descriptors/host_cv5_f3/metrics.json,f1829b4d1e427a24b5a53cb129bd1b08042df0072d9f5b1d52b6d555c4e1fce4,/Users/yiminghua/2026Summer/changsheng_sum/prm_runs/baselines/descriptors/host_cv5_f3/predictions.npz,,1.2319079041321888,2.134923247958976,-0.5006474515148519,0.8491196452058869,0.6253325544884271,1.1266832491107865,1.8327153892922505,-0.019618833804282584,0.8687657216497265,0.6937407892969529
descriptor:ridge,ridge,host_cv,host_cv5_f3,42,/Users/yiminghua/2026Summer/changsheng_sum/prm_runs/baselines/descriptors/host_cv5_f3/metrics.json,f1829b4d1e427a24b5a53cb129bd1b08042df0072d9f5b1d52b6d555c4e1fce4,/Users/yiminghua/2026Summer/changsheng_sum/prm_runs/baselines/descriptors/host_cv5_f3/predictions.npz,,2.128758245901162,2.9839519059263298,-0.9403545691148024,0.5653839493182002,0.2680775562850308,1.9864900360592588,2.7321193989581904,0.12002369499685986,0.5696542357874637,0.31938979663510914
descriptor:hist_gradient_boosting,hist_gradient_boosting,host_cv,host_cv5_f4,42,/Users/yiminghua/2026Summer/changsheng_sum/prm_runs/baselines/descriptors/host_cv5_f4/metrics.json,16db9939b006462cd51fb9da452afccc141391b16019fe6adb07fb84d75c663b,/Users/yiminghua/2026Summer/changsheng_sum/prm_runs/baselines/descriptors/host_cv5_f4/predictions.npz,,1.1001930727439309,1.988277881682475,0.3940992999054813,0.7883359714612366,0.5144046292576427,1.3687491596733068,2.2747350898665215,0.1431742886222995,0.7700590526080447,0.5746532874562644
descriptor:lightgbm,lightgbm,host_cv,host_cv5_f4,42,/Users/yiminghua/2026Summer/changsheng_sum/prm_runs/baselines/descriptors/host_cv5_f4/metrics.json,16db9939b006462cd51fb9da452afccc141391b16019fe6adb07fb84d75c663b,/Users/yiminghua/2026Summer/changsheng_sum/prm_runs/baselines/descriptors/host_cv5_f4/predictions.npz,,1.0968713382451678,2.0270585132107697,0.42397408068310893,0.7870957385681892,0.49527717431134144,1.3633835417016211,2.2352968854057607,0.22584541851594508,0.7736723587345162,0.5892743246395289
descriptor:mean,mean,host_cv,host_cv5_f4,42,/Users/yiminghua/2026Summer/changsheng_sum/prm_runs/baselines/descriptors/host_cv5_f4/metrics.json,16db9939b006462cd51fb9da452afccc141391b16019fe6adb07fb84d75c663b,/Users/yiminghua/2026Summer/changsheng_sum/prm_runs/baselines/descriptors/host_cv5_f4/predictions.npz,,2.11763259648869,2.8633951750169175,0.24082540420562695,nan,-0.007124017392534876,2.4145765542702464,3.552244425619079,-0.6732454966731833,nan,-0.03725875515214616
descriptor:random_forest,random_forest,host_cv,host_cv5_f4,42,/Users/yiminghua/2026Summer/changsheng_sum/prm_runs/baselines/descriptors/host_cv5_f4/metrics.json,16db9939b006462cd51fb9da452afccc141391b16019fe6adb07fb84d75c663b,/Users/yiminghua/2026Summer/changsheng_sum/prm_runs/baselines/descriptors/host_cv5_f4/predictions.npz,,1.0987204922010836,1.9758820137516375,0.23158541230404758,0.7766777099664699,0.5204406188094162,1.3464039109045145,2.2431868670355404,0.009669915078501328,0.8003909021856257,0.5863697106719592
descriptor:ridge,ridge,host_cv,host_cv5_f4,42,/Users/yiminghua/2026Summer/changsheng_sum/prm_runs/baselines/descriptors/host_cv5_f4/metrics.json,16db9939b006462cd51fb9da452afccc141391b16019fe6adb07fb84d75c663b,/Users/yiminghua/2026Summer/changsheng_sum/prm_runs/baselines/descriptors/host_cv5_f4/predictions.npz,,1.7927538424322815,2.5010951439545845,0.17891033787835825,0.5276200872393625,0.2316115974947769,2.002301177801936,2.8434961980322093,-0.40635238900635634,0.5750558014768842,0.33535960916299046
descriptor:hist_gradient_boosting,hist_gradient_boosting,id_cv,id_cv5_f0,42,/Users/yiminghua/2026Summer/changsheng_sum/prm_runs/baselines/descriptors/id_cv5_f0/metrics.json,59dd384b66a0d6908569ff7e12b2a8242045df1222ed21cd8ae4ac6bbccc067f,/Users/yiminghua/2026Summer/changsheng_sum/prm_runs/baselines/descriptors/id_cv5_f0/predictions.npz,,0.627829590979125,1.0777980315213014,-0.040170751574193544,0.9430908004689411,0.8875594838555521,0.6713138748882799,1.2357174651718332,-0.008691080183003836,0.9359972092034389,0.8598218316447902
descriptor:lightgbm,lightgbm,id_cv,id_cv5_f0,42,/Users/yiminghua/2026Summer/changsheng_sum/prm_runs/baselines/descriptors/id_cv5_f0/metrics.json,59dd384b66a0d6908569ff7e12b2a8242045df1222ed21cd8ae4ac6bbccc067f,/Users/yiminghua/2026Summer/changsheng_sum/prm_runs/baselines/descriptors/id_cv5_f0/predictions.npz,,0.6225798281872429,1.0894942523209097,-0.045482422261370045,0.9436684332570743,0.8851058423958519,0.6465970072216345,1.2106004169902287,-0.017246204719390555,0.9408691321916192,0.8654624082245408
descriptor:mean,mean,id_cv,id_cv5_f0,42,/Users/yiminghua/2026Summer/changsheng_sum/prm_runs/baselines/descriptors/id_cv5_f0/metrics.json,59dd384b66a0d6908569ff7e12b2a8242045df1222ed21cd8ae4ac6bbccc067f,/Users/yiminghua/2026Summer/changsheng_sum/prm_runs/baselines/descriptors/id_cv5_f0/predictions.npz,,2.3165434367141406,3.2147209964356493,-0.05659674392591184,nan,-0.00031004944001211676,2.3761589839219037,3.3014996505193954,-0.08146747610183767,nan,-0.0006092710390670497
descriptor:random_forest,random_forest,id_cv,id_cv5_f0,42,/Users/yiminghua/2026Summer/changsheng_sum/prm_runs/baselines/descriptors/id_cv5_f0/metrics.json,59dd384b66a0d6908569ff7e12b2a8242045df1222ed21cd8ae4ac6bbccc067f,/Users/yiminghua/2026Summer/changsheng_sum/prm_runs/baselines/descriptors/id_cv5_f0/predictions.npz,,0.7466962013419185,1.341595601742086,-0.03985534353906409,0.9316786814829464,0.8257826874822969,0.7730107908179233,1.4528692311825877,-0.02770128270718307,0.9247386444033073,0.8062261964731521
descriptor:ridge,ridge,id_cv,id_cv5_f0,42,/Users/yiminghua/2026Summer/changsheng_sum/prm_runs/baselines/descriptors/id_cv5_f0/metrics.json,59dd384b66a0d6908569ff7e12b2a8242045df1222ed21cd8ae4ac6bbccc067f,/Users/yiminghua/2026Summer/changsheng_sum/prm_runs/baselines/descriptors/id_cv5_f0/predictions.npz,,1.728185212692709,2.359501689390014,-0.0701715247060418,0.6544622460154256,0.46112424586661416,1.7385004513648479,2.4444974922045786,-0.08678200712859724,0.6714440657803464,0.45144370484863416
descriptor:hist_gradient_boosting,hist_gradient_boosting,id_cv,id_cv5_f1,42,/Users/yiminghua/2026Summer/changsheng_sum/prm_runs/baselines/descriptors/id_cv5_f1/metrics.json,54dc415eeb32af59d989e6c16e5bce968fcfbc834613e38b5a3a8821cd30e0e4,/Users/yiminghua/2026Summer/changsheng_sum/prm_runs/baselines/descriptors/id_cv5_f1/predictions.npz,,0.6366014225201176,1.0881826002403008,-0.014988778629054041,0.9385424648677069,0.8717972653555407,0.668390253743296,1.1469252315604734,-0.022606341925660224,0.9372743726761092,0.8726736550243448
descriptor:lightgbm,lightgbm,id_cv,id_cv5_f1,42,/Users/yiminghua/2026Summer/changsheng_sum/prm_runs/baselines/descriptors/id_cv5_f1/metrics.json,54dc415eeb32af59d989e6c16e5bce968fcfbc834613e38b5a3a8821cd30e0e4,/Users/yiminghua/2026Summer/changsheng_sum/prm_runs/baselines/descriptors/id_cv5_f1/predictions.npz,,0.6275195213254783,1.07198892872972,-0.009457016640323578,0.9398306936495388,0.8755845443353664,0.6503981517051493,1.1335330058113153,-0.024166878284487853,0.9383855163000907,0.8756297810377514
descriptor:mean,mean,id_cv,id_cv5_f1,42,/Users/yiminghua/2026Summer/changsheng_sum/prm_runs/baselines/descriptors/id_cv5_f1/metrics.json,54dc415eeb32af59d989e6c16e5bce968fcfbc834613e38b5a3a8821cd30e0e4,/Users/yiminghua/2026Summer/changsheng_sum/prm_runs/baselines/descriptors/id_cv5_f1/predictions.npz,,2.2233395156894535,3.041752181889814,0.1256232291515161,nan,-0.001708573396527635,2.324948267534026,3.214226365902791,-0.004820556343826755,nan,-2.249274113852451e-06
descriptor:random_forest,random_forest,id_cv,id_cv5_f1,42,/Users/yiminghua/2026Summer/changsheng_sum/prm_runs/baselines/descriptors/id_cv5_f1/metrics.json,54dc415eeb32af59d989e6c16e5bce968fcfbc834613e38b5a3a8821cd30e0e4,/Users/yiminghua/2026Summer/changsheng_sum/prm_runs/baselines/descriptors/id_cv5_f1/predictions.npz,,0.7362069956165854,1.3165980570385767,0.0324025327748745,0.9164437868112811,0.8123277097093975,0.7519161862866269,1.3573700384772305,-0.025838874350156176,0.9280112335053676,0.821661719173317
descriptor:ridge,ridge,id_cv,id_cv5_f1,42,/Users/yiminghua/2026Summer/changsheng_sum/prm_runs/baselines/descriptors/id_cv5_f1/metrics.json,54dc415eeb32af59d989e6c16e5bce968fcfbc834613e38b5a3a8821cd30e0e4,/Users/yiminghua/2026Summer/changsheng_sum/prm_runs/baselines/descriptors/id_cv5_f1/predictions.npz,,1.7215095389741495,2.31709255838426,0.050618192440760656,0.6246172482869286,0.4187265333852799,1.7452301744351923,2.361439855001546,-0.024460689824103713,0.6460586723050765,0.4602385847767889
descriptor:hist_gradient_boosting,hist_gradient_boosting,id_cv,id_cv5_f2,42,/Users/yiminghua/2026Summer/changsheng_sum/prm_runs/baselines/descriptors/id_cv5_f2/metrics.json,5410d2f3ba7964381662197341f835bbb1047e16fb49954391cafeea6ba2ab68,/Users/yiminghua/2026Summer/changsheng_sum/prm_runs/baselines/descriptors/id_cv5_f2/predictions.npz,,0.6311340212251151,1.1292212253023137,0.0679109508763029,0.9360383391615535,0.8769327215846744,0.6233059993187378,1.0779674030353474,0.020828541823416494,0.9388179625421107,0.874192946513427
descriptor:lightgbm,lightgbm,id_cv,id_cv5_f2,42,/Users/yiminghua/2026Summer/changsheng_sum/prm_runs/baselines/descriptors/id_cv5_f2/metrics.json,5410d2f3ba7964381662197341f835bbb1047e16fb49954391cafeea6ba2ab68,/Users/yiminghua/2026Summer/changsheng_sum/prm_runs/baselines/descriptors/id_cv5_f2/predictions.npz,,0.6160297937472831,1.1120124696399447,0.059473248733289893,0.9378828320124715,0.8806551053241092,0.6094773619779044,1.0627371594044073,0.008780804847307156,0.9385357544893972,0.8777228052022105
descriptor:mean,mean,id_cv,id_cv5_f2,42,/Users/yiminghua/2026Summer/changsheng_sum/prm_runs/baselines/descriptors/id_cv5_f2/metrics.json,5410d2f3ba7964381662197341f835bbb1047e16fb49954391cafeea6ba2ab68,/Users/yiminghua/2026Summer/changsheng_sum/prm_runs/baselines/descriptors/id_cv5_f2/predictions.npz,,2.3021226270596302,3.21894677251431,0.017005981046897517,nan,-2.7911804363345283e-05,2.2243400052997346,3.041982393456274,0.13107914315013686,nan,-0.0018602054905070275
descriptor:random_forest,random_forest,id_cv,id_cv5_f2,42,/Users/yiminghua/2026Summer/changsheng_sum/prm_runs/baselines/descriptors/id_cv5_f2/metrics.json,5410d2f3ba7964381662197341f835bbb1047e16fb49954391cafeea6ba2ab68,/Users/yiminghua/2026Summer/changsheng_sum/prm_runs/baselines/descriptors/id_cv5_f2/predictions.npz,,0.7312272893660725,1.3255090157908411,0.0750909170356578,0.9198198222142872,0.8304296552649155,0.7254773799063979,1.2878774223765328,0.0518960178658462,0.9181432590256741,0.8204262741069702
descriptor:ridge,ridge,id_cv,id_cv5_f2,42,/Users/yiminghua/2026Summer/changsheng_sum/prm_runs/baselines/descriptors/id_cv5_f2/metrics.json,5410d2f3ba7964381662197341f835bbb1047e16fb49954391cafeea6ba2ab68,/Users/yiminghua/2026Summer/changsheng_sum/prm_runs/baselines/descriptors/id_cv5_f2/predictions.npz,,1.7259902869091515,2.3881838960236452,0.04905020914093537,0.6334006012876211,0.44954722944488756,1.7121080911464115,2.3124686571007285,0.06627103463310824,0.6283884074259312,0.421044152793251
descriptor:hist_gradient_boosting,hist_gradient_boosting,id_cv,id_cv5_f3,42,/Users/yiminghua/2026Summer/changsheng_sum/prm_runs/baselines/descriptors/id_cv5_f3/metrics.json,fc6b91d92540487686c02c51b597d549af387c5b69acf66e45a4e8bbeb026701,/Users/yiminghua/2026Summer/changsheng_sum/prm_runs/baselines/descriptors/id_cv5_f3/predictions.npz,,0.6599360731631926,1.2523480555015893,-0.0009309585120192712,0.935076574158551,0.8474046859498235,0.6175988341229335,1.1173948172162642,0.06860906229234429,0.9393574830550964,0.8794970063228095
descriptor:lightgbm,lightgbm,id_cv,id_cv5_f3,42,/Users/yiminghua/2026Summer/changsheng_sum/prm_runs/baselines/descriptors/id_cv5_f3/metrics.json,fc6b91d92540487686c02c51b597d549af387c5b69acf66e45a4e8bbeb026701,/Users/yiminghua/2026Summer/changsheng_sum/prm_runs/baselines/descriptors/id_cv5_f3/predictions.npz,,0.6417853830437776,1.2268489161005975,-0.0017807092001146075,0.938278616044236,0.8535554300923618,0.6055427308244704,1.107271552044157,0.0616501807057401,0.9413117095806189,0.881670558317224
descriptor:mean,mean,id_cv,id_cv5_f3,42,/Users/yiminghua/2026Summer/changsheng_sum/prm_runs/baselines/descriptors/id_cv5_f3/metrics.json,fc6b91d92540487686c02c51b597d549af387c5b69acf66e45a4e8bbeb026701,/Users/yiminghua/2026Summer/changsheng_sum/prm_runs/baselines/descriptors/id_cv5_f3/predictions.npz,,2.265461814958599,3.2059562522690315,-0.01220018025994227,nan,-1.448183519281443e-05,2.2957999556759816,3.21895678181562,-0.018805379758128654,nan,-3.4130979116753224e-05
descriptor:random_forest,random_forest,id_cv,id_cv5_f3,42,/Users/yiminghua/2026Summer/changsheng_sum/prm_runs/baselines/descriptors/id_cv5_f3/metrics.json,fc6b91d92540487686c02c51b597d549af387c5b69acf66e45a4e8bbeb026701,/Users/yiminghua/2026Summer/changsheng_sum/prm_runs/baselines/descriptors/id_cv5_f3/predictions.npz,,0.7542044977661465,1.4208241493783904,-0.02328609590362499,0.9203933696673708,0.8035863049345863,0.7358284558368554,1.3316089794853592,0.06387353302614926,0.9158490908064544,0.828865345984308
descriptor:ridge,ridge,id_cv,id_cv5_f3,42,/Users/yiminghua/2026Summer/changsheng_sum/prm_runs/baselines/descriptors/id_cv5_f3/metrics.json,fc6b91d92540487686c02c51b597d549af387c5b69acf66e45a4e8bbeb026701,/Users/yiminghua/2026Summer/changsheng_sum/prm_runs/baselines/descriptors/id_cv5_f3/predictions.npz,,1.7756828302601557,2.4664366428902373,0.03144946052134316,0.6174078075383124,0.4081235863834448,1.720309335710073,2.387692845418282,0.0396692045115025,0.6378789373129651,0.44977357078948366
descriptor:hist_gradient_boosting,hist_gradient_boosting,id_cv,id_cv5_f4,42,/Users/yiminghua/2026Summer/changsheng_sum/prm_runs/baselines/descriptors/id_cv5_f4/metrics.json,f4a8e1d9786983de98457cea5178b4356f0e004b1a5eab022e5cfa12daeb6da6,/Users/yiminghua/2026Summer/changsheng_sum/prm_runs/baselines/descriptors/id_cv5_f4/predictions.npz,,0.6702484366002098,1.257759902392619,-0.03084639797711231,0.9389299580559872,0.8547762986054488,0.6560491900104278,1.266047564943104,-0.04533658719071066,0.9364107530910047,0.844047927605091
descriptor:lightgbm,lightgbm,id_cv,id_cv5_f4,42,/Users/yiminghua/2026Summer/changsheng_sum/prm_runs/baselines/descriptors/id_cv5_f4/metrics.json,f4a8e1d9786983de98457cea5178b4356f0e004b1a5eab022e5cfa12daeb6da6,/Users/yiminghua/2026Summer/changsheng_sum/prm_runs/baselines/descriptors/id_cv5_f4/predictions.npz,,0.6584047462878857,1.247682922630214,-0.020746589268692398,0.93881277473719,0.857093996861747,0.6539656326529265,1.2702782595845028,-0.038174376301489066,0.9377025498176922,0.8430039099815243
descriptor:mean,mean,id_cv,id_cv5_f4,42,/Users/yiminghua/2026Summer/changsheng_sum/prm_runs/baselines/descriptors/id_cv5_f4/metrics.json,f4a8e1d9786983de98457cea5178b4356f0e004b1a5eab022e5cfa12daeb6da6,/Users/yiminghua/2026Summer/changsheng_sum/prm_runs/baselines/descriptors/id_cv5_f4/predictions.npz,,2.377143574874998,3.3013193730578436,-0.07380115317357044,nan,-0.0004999980458921804,2.2630223043938753,3.20603809837429,-0.02595459810735501,nan,-6.554200498620766e-05
descriptor:random_forest,random_forest,id_cv,id_cv5_f4,42,/Users/yiminghua/2026Summer/changsheng_sum/prm_runs/baselines/descriptors/id_cv5_f4/metrics.json,f4a8e1d9786983de98457cea5178b4356f0e004b1a5eab022e5cfa12daeb6da6,/Users/yiminghua/2026Summer/changsheng_sum/prm_runs/baselines/descriptors/id_cv5_f4/predictions.npz,,0.7898939588917953,1.4626648695531523,-0.044602672304285225,0.9223885435231425,0.8036044367922419,0.7633797701068925,1.4477539431560265,-0.047627907813965385,0.9223021858701694,0.7960702350272896
descriptor:ridge,ridge,id_cv,id_cv5_f4,42,/Users/yiminghua/2026Summer/changsheng_sum/prm_runs/baselines/descriptors/id_cv5_f4/metrics.json,f4a8e1d9786983de98457cea5178b4356f0e004b1a5eab022e5cfa12daeb6da6,/Users/yiminghua/2026Summer/changsheng_sum/prm_runs/baselines/descriptors/id_cv5_f4/predictions.npz,,1.7389554952344357,2.4457674857600753,-0.061139925829588736,0.6715092709942633,0.45087357218858215,1.767580313998845,2.4731252924608222,0.006452603992489861,0.6146955059716194,0.4049090526754715
descriptor:hist_gradient_boosting,hist_gradient_boosting,id_repeat,id_repeat_s42,42,/Users/yiminghua/2026Summer/changsheng_sum/prm_runs/baselines/descriptors/id_repeat_s42/metrics.json,95b681677348d138a37cb58925e122f32e03e7e53ee1c785aec2c758f441ab32,/Users/yiminghua/2026Summer/changsheng_sum/prm_runs/baselines/descriptors/id_repeat_s42/predictions.npz,,0.6078411137527902,1.1032068143187415,-0.01729027840037803,0.9536935268001944,0.8880499307298944,0.5589712380177639,0.9375847532203685,0.05214779787344629,0.9440299851745106,0.909574596505208
descriptor:lightgbm,lightgbm,id_repeat,id_repeat_s42,42,/Users/yiminghua/2026Summer/changsheng_sum/prm_runs/baselines/descriptors/id_repeat_s42/metrics.json,95b681677348d138a37cb58925e122f32e03e7e53ee1c785aec2c758f441ab32,/Users/yiminghua/2026Summer/changsheng_sum/prm_runs/baselines/descriptors/id_repeat_s42/predictions.npz,,0.5760941163382084,1.0735125859737258,-0.03847511244803675,0.9548499024417287,0.8939953842330062,0.5385536143106178,0.9023579133934662,0.046519603925051285,0.9469363032793087,0.9162418559886484
descriptor:mean,mean,id_repeat,id_repeat_s42,42,/Users/yiminghua/2026Summer/changsheng_sum/prm_runs/baselines/descriptors/id_repeat_s42/metrics.json,95b681677348d138a37cb58925e122f32e03e7e53ee1c785aec2c758f441ab32,/Users/yiminghua/2026Summer/changsheng_sum/prm_runs/baselines/descriptors/id_repeat_s42/predictions.npz,,2.3682273812934582,3.298679147510907,-0.09891031780072346,nan,-0.0008998988352109105,2.2475568818906764,3.1179758205502774,-0.018243666070360952,nan,-3.423683512582265e-05
descriptor:random_forest,random_forest,id_repeat,id_repeat_s42,42,/Users/yiminghua/2026Summer/changsheng_sum/prm_runs/baselines/descriptors/id_repeat_s42/metrics.json,95b681677348d138a37cb58925e122f32e03e7e53ee1c785aec2c758f441ab32,/Users/yiminghua/2026Summer/changsheng_sum/prm_runs/baselines/descriptors/id_repeat_s42/predictions.npz,,0.7176656274463191,1.340244566324256,-0.01495037562977709,0.9388480210246568,0.8347739176499649,0.6480689404954804,1.1544385471548437,0.05341489433847529,0.9293729823825146,0.862908344215022
descriptor:ridge,ridge,id_repeat,id_repeat_s42,42,/Users/yiminghua/2026Summer/changsheng_sum/prm_runs/baselines/descriptors/id_repeat_s42/metrics.json,95b681677348d138a37cb58925e122f32e03e7e53ee1c785aec2c758f441ab32,/Users/yiminghua/2026Summer/changsheng_sum/prm_runs/baselines/descriptors/id_repeat_s42/predictions.npz,,1.8363003269777467,2.548424532485812,-0.04529197388160752,0.6159006954999957,0.4026153631338628,1.7341364368487926,2.312977960045867,0.05857713973424802,0.6306946834991607,0.4496837062066603
descriptor:hist_gradient_boosting,hist_gradient_boosting,id_repeat,id_repeat_s43,42,/Users/yiminghua/2026Summer/changsheng_sum/prm_runs/baselines/descriptors/id_repeat_s43/metrics.json,1da85bcb4f9367c15346e7b46298dd6c81a54a7ff7038622bae9df3922c06759,/Users/yiminghua/2026Summer/changsheng_sum/prm_runs/baselines/descriptors/id_repeat_s43/predictions.npz,,0.5229401752654737,0.8781300558136955,0.010311508721886705,0.9552661875112081,0.914158882446004,0.5806175313877495,1.0698345472624475,-0.05184493151752022,0.9470497691092457,0.8791520694247144
descriptor:lightgbm,lightgbm,id_repeat,id_repeat_s43,42,/Users/yiminghua/2026Summer/changsheng_sum/prm_runs/baselines/descriptors/id_repeat_s43/metrics.json,1da85bcb4f9367c15346e7b46298dd6c81a54a7ff7038622bae9df3922c06759,/Users/yiminghua/2026Summer/changsheng_sum/prm_runs/baselines/descriptors/id_repeat_s43/predictions.npz,,0.5155808379332095,0.8683647138990828,0.017191672855290222,0.9553215268938424,0.9160574778367901,0.5597691324464356,1.0388515386043813,-0.048443814817489085,0.9494421471925901,0.8860503602907582
descriptor:mean,mean,id_repeat,id_repeat_s43,42,/Users/yiminghua/2026Summer/changsheng_sum/prm_runs/baselines/descriptors/id_repeat_s43/metrics.json,1da85bcb4f9367c15346e7b46298dd6c81a54a7ff7038622bae9df3922c06759,/Users/yiminghua/2026Summer/changsheng_sum/prm_runs/baselines/descriptors/id_repeat_s43/predictions.npz,,2.238195465655117,3.004058708605913,0.20334617535855987,nan,-0.004603092431093803,2.2587517543533835,3.077743974100071,-0.03933983906868024,nan,-0.0001634071816607463
descriptor:random_forest,random_forest,id_repeat,id_repeat_s43,42,/Users/yiminghua/2026Summer/changsheng_sum/prm_runs/baselines/descriptors/id_repeat_s43/metrics.json,1da85bcb4f9367c15346e7b46298dd6c81a54a7ff7038622bae9df3922c06759,/Users/yiminghua/2026Summer/changsheng_sum/prm_runs/baselines/descriptors/id_repeat_s43/predictions.npz,,0.6082355763304836,1.0265964957618479,0.010789441309171864,0.9448646495844444,0.8826786007756479,0.6428470614650776,1.21450734407485,-0.025595271543249743,0.9375660806354473,0.844257811801283
descriptor:ridge,ridge,id_repeat,id_repeat_s43,42,/Users/yiminghua/2026Summer/changsheng_sum/prm_runs/baselines/descriptors/id_repeat_s43/metrics.json,1da85bcb4f9367c15346e7b46298dd6c81a54a7ff7038622bae9df3922c06759,/Users/yiminghua/2026Summer/changsheng_sum/prm_runs/baselines/descriptors/id_repeat_s43/predictions.npz,,1.6428264524019391,2.222331639781448,0.04279650224126964,0.6562897669250716,0.45021179567348313,1.7152163198440642,2.33022812383756,0.008787778179834366,0.6354280061462244,0.4266723848394889
descriptor:hist_gradient_boosting,hist_gradient_boosting,id_repeat,id_repeat_s44,42,/Users/yiminghua/2026Summer/changsheng_sum/prm_runs/baselines/descriptors/id_repeat_s44/metrics.json,45cca0315a445bf704f023db182e3d758c2a64ad49e6e9cf6ec5ec8a8b45d2e9,/Users/yiminghua/2026Summer/changsheng_sum/prm_runs/baselines/descriptors/id_repeat_s44/predictions.npz,,0.5835163306334257,1.0645547481213427,-0.0024375033377218164,0.9379043351770852,0.884533655805602,0.5801214744866329,1.10097593244613,-0.056684723025508615,0.9493800540861556,0.8896211988332223
descriptor:lightgbm,lightgbm,id_repeat,id_repeat_s44,42,/Users/yiminghua/2026Summer/changsheng_sum/prm_runs/baselines/descriptors/id_repeat_s44/metrics.json,45cca0315a445bf704f023db182e3d758c2a64ad49e6e9cf6ec5ec8a8b45d2e9,/Users/yiminghua/2026Summer/changsheng_sum/prm_runs/baselines/descriptors/id_repeat_s44/predictions.npz,,0.5714769583064233,1.053576328154959,-0.009072004836594748,0.9409265605136861,0.8869029123303318,0.5548555997859224,1.0685889600733685,-0.05929702385010564,0.9523752459893442,0.89601962285992
descriptor:mean,mean,id_repeat,id_repeat_s44,42,/Users/yiminghua/2026Summer/changsheng_sum/prm_runs/baselines/descriptors/id_repeat_s44/metrics.json,45cca0315a445bf704f023db182e3d758c2a64ad49e6e9cf6ec5ec8a8b45d2e9,/Users/yiminghua/2026Summer/changsheng_sum/prm_runs/baselines/descriptors/id_repeat_s44/predictions.npz,,2.2351091264988074,3.1341179357166364,0.08896536372772786,nan,-0.0008064200747661676,2.335865684627547,3.3146910543842685,-0.07393653687519827,nan,-0.000497792365507399
descriptor:random_forest,random_forest,id_repeat,id_repeat_s44,42,/Users/yiminghua/2026Summer/changsheng_sum/prm_runs/baselines/descriptors/id_repeat_s44/metrics.json,45cca0315a445bf704f023db182e3d758c2a64ad49e6e9cf6ec5ec8a8b45d2e9,/Users/yiminghua/2026Summer/changsheng_sum/prm_runs/baselines/descriptors/id_repeat_s44/predictions.npz,,0.6523392777047781,1.1959666822648871,0.019598700533049105,0.931711516834797,0.8542671107314893,0.6519514188473996,1.2226936358747698,-0.04930340181747804,0.9408369626887456,0.8638664011843996
descriptor:ridge,ridge,id_repeat,id_repeat_s44,42,/Users/yiminghua/2026Summer/changsheng_sum/prm_runs/baselines/descriptors/id_repeat_s44/metrics.json,45cca0315a445bf704f023db182e3d758c2a64ad49e6e9cf6ec5ec8a8b45d2e9,/Users/yiminghua/2026Summer/changsheng_sum/prm_runs/baselines/descriptors/id_repeat_s44/predictions.npz,,1.7073479220020191,2.355846332423807,0.03192509878490775,0.6307879852530198,0.43452510231008645,1.7522648724460723,2.4457871802109232,-0.028778880924804857,0.6297915333632516,0.45528748839521127
descriptor:hist_gradient_boosting,hist_gradient_boosting,id_repeat,id_repeat_s45,42,/Users/yiminghua/2026Summer/changsheng_sum/prm_runs/baselines/descriptors/id_repeat_s45/metrics.json,1c759665f8d951baffc6675893d9835886a3aca3a6a146119b98abb7122d1bfc,/Users/yiminghua/2026Summer/changsheng_sum/prm_runs/baselines/descriptors/id_repeat_s45/predictions.npz,,0.6099554036312931,1.0675887423962986,-0.06041662893595738,0.9459735711464888,0.8946087098039437,0.5872447348242396,1.0357459769552328,0.04299823783279097,0.9425817303426591,0.880682893290923
descriptor:lightgbm,lightgbm,id_repeat,id_repeat_s45,42,/Users/yiminghua/2026Summer/changsheng_sum/prm_runs/baselines/descriptors/id_repeat_s45/metrics.json,1c759665f8d951baffc6675893d9835886a3aca3a6a146119b98abb7122d1bfc,/Users/yiminghua/2026Summer/changsheng_sum/prm_runs/baselines/descriptors/id_repeat_s45/predictions.npz,,0.602830446288447,1.0602766268920347,-0.059642823326910885,0.9461310130110754,0.8960474551758407,0.5690142742471167,1.033286990383394,0.03211347816604614,0.9423980348585611,0.8812487673316802
descriptor:mean,mean,id_repeat,id_repeat_s45,42,/Users/yiminghua/2026Summer/changsheng_sum/prm_runs/baselines/descriptors/id_repeat_s45/metrics.json,1c759665f8d951baffc6675893d9835886a3aca3a6a146119b98abb7122d1bfc,/Users/yiminghua/2026Summer/changsheng_sum/prm_runs/baselines/descriptors/id_repeat_s45/predictions.npz,,2.3753524342139962,3.2934493461332957,-0.17996709580720044,nan,-0.0029949044198025465,2.2163139274627133,3.0084777217885974,0.2450003628741213,nan,-0.006676204924195961
descriptor:random_forest,random_forest,id_repeat,id_repeat_s45,42,/Users/yiminghua/2026Summer/changsheng_sum/prm_runs/baselines/descriptors/id_repeat_s45/metrics.json,1c759665f8d951baffc6675893d9835886a3aca3a6a146119b98abb7122d1bfc,/Users/yiminghua/2026Summer/changsheng_sum/prm_runs/baselines/descriptors/id_repeat_s45/predictions.npz,,0.7166531850528628,1.314699178917732,-0.07605873184604002,0.9295235484416934,0.8401732260511832,0.6921753082029822,1.276029467781087,0.08044661480591832,0.9239481241075225,0.818900349922821
descriptor:ridge,ridge,id_repeat,id_repeat_s45,42,/Users/yiminghua/2026Summer/changsheng_sum/prm_runs/baselines/descriptors/id_repeat_s45/metrics.json,1c759665f8d951baffc6675893d9835886a3aca3a6a146119b98abb7122d1bfc,/Users/yiminghua/2026Summer/changsheng_sum/prm_runs/baselines/descriptors/id_repeat_s45/predictions.npz,,1.7597309550939697,2.4058958260715664,-0.04619889239717734,0.6620508564405846,0.4647577502615319,1.7426901710356972,2.3802309519147316,0.1439334793449447,0.6006019621690198,0.3698638426492462
descriptor:hist_gradient_boosting,hist_gradient_boosting,id_repeat,id_repeat_s46,42,/Users/yiminghua/2026Summer/changsheng_sum/prm_runs/baselines/descriptors/id_repeat_s46/metrics.json,055b78081c8a92645210ca53638bcd3156c31d876f2e41db4a19314ece294aeb,/Users/yiminghua/2026Summer/changsheng_sum/prm_runs/baselines/descriptors/id_repeat_s46/predictions.npz,,0.5591514520363369,0.9725210187516382,-0.024123411053580106,0.9536616909048963,0.909716193631499,0.5776493813053438,0.9326428550638859,0.006647795955503681,0.9477134398477006,0.9101489979262591
descriptor:lightgbm,lightgbm,id_repeat,id_repeat_s46,42,/Users/yiminghua/2026Summer/changsheng_sum/prm_runs/baselines/descriptors/id_repeat_s46/metrics.json,055b78081c8a92645210ca53638bcd3156c31d876f2e41db4a19314ece294aeb,/Users/yiminghua/2026Summer/changsheng_sum/prm_runs/baselines/descriptors/id_repeat_s46/predictions.npz,,0.5515214076279022,0.9579775299048582,-0.012368072128320773,0.9567937211200773,0.9123962871571846,0.561246859116991,0.9256232876055319,0.010431365117997258,0.9500418604101875,0.9114964410927313
descriptor:mean,mean,id_repeat,id_repeat_s46,42,/Users/yiminghua/2026Summer/changsheng_sum/prm_runs/baselines/descriptors/id_repeat_s46/metrics.json,055b78081c8a92645210ca53638bcd3156c31d876f2e41db4a19314ece294aeb,/Users/yiminghua/2026Summer/changsheng_sum/prm_runs/baselines/descriptors/id_repeat_s46/predictions.npz,,2.330960224310071,3.2368985761412765,0.041108059891399464,nan,-0.00016131168553745745,2.2585505328701263,3.1140106931703633,0.12782500791763918,nan,-0.0016878111308304966
descriptor:random_forest,random_forest,id_repeat,id_repeat_s46,42,/Users/yiminghua/2026Summer/changsheng_sum/prm_runs/baselines/descriptors/id_repeat_s46/metrics.json,055b78081c8a92645210ca53638bcd3156c31d876f2e41db4a19314ece294aeb,/Users/yiminghua/2026Summer/changsheng_sum/prm_runs/baselines/descriptors/id_repeat_s46/predictions.npz,,0.654006778662975,1.2521382894340363,0.014155548450571851,0.9427116061744687,0.8503363060105504,0.6788118642561587,1.1567657937815907,0.02525760811090888,0.9295506387851122,0.861776124440667
descriptor:ridge,ridge,id_repeat,id_repeat_s46,42,/Users/yiminghua/2026Summer/changsheng_sum/prm_runs/baselines/descriptors/id_repeat_s46/metrics.json,055b78081c8a92645210ca53638bcd3156c31d876f2e41db4a19314ece294aeb,/Users/yiminghua/2026Summer/changsheng_sum/prm_runs/baselines/descriptors/id_repeat_s46/predictions.npz,,1.752935306928952,2.4171401626971325,-0.004410332175016081,0.650009458299184,0.4422808753039321,1.688016947579809,2.307403885097499,0.025013824278166938,0.6285461687958034,0.45002945663437044
descriptor:hist_gradient_boosting,hist_gradient_boosting,pair_cv,pair_cv5_f0,42,/Users/yiminghua/2026Summer/changsheng_sum/prm_runs/baselines/descriptors/pair_cv5_f0/metrics.json,ddce075e8ccc4797b3053c556e54e053356722fab9f445ae7a25af96bf5ce79c,/Users/yiminghua/2026Summer/changsheng_sum/prm_runs/baselines/descriptors/pair_cv5_f0/predictions.npz,,0.7014790362774318,1.247972247110236,-0.011191930213155815,0.9241095419232936,0.8341007607792656,0.6627761363410567,1.110765250253627,-0.028154484542773417,0.9395747263277754,0.8777540802298088
descriptor:lightgbm,lightgbm,pair_cv,pair_cv5_f0,42,/Users/yiminghua/2026Summer/changsheng_sum/prm_runs/baselines/descriptors/pair_cv5_f0/metrics.json,ddce075e8ccc4797b3053c556e54e053356722fab9f445ae7a25af96bf5ce79c,/Users/yiminghua/2026Summer/changsheng_sum/prm_runs/baselines/descriptors/pair_cv5_f0/predictions.npz,,0.6872258732437572,1.211846694785363,-0.024476058248767855,0.9252720778678257,0.8435664485891095,0.666368944114609,1.1076455653671413,-0.034322903847283336,0.9388589273697947,0.878439793424214
descriptor:mean,mean,pair_cv,pair_cv5_f0,42,/Users/yiminghua/2026Summer/changsheng_sum/prm_runs/baselines/descriptors/pair_cv5_f0/metrics.json,ddce075e8ccc4797b3053c556e54e053356722fab9f445ae7a25af96bf5ce79c,/Users/yiminghua/2026Summer/changsheng_sum/prm_runs/baselines/descriptors/pair_cv5_f0/predictions.npz,,2.2298831135833375,3.064420977976175,0.05329782586929388,nan,-0.0003025892721892909,2.3378905280516604,3.179391505144829,0.12555683597863138,nan,-0.0015619622347318174
descriptor:random_forest,random_forest,pair_cv,pair_cv5_f0,42,/Users/yiminghua/2026Summer/changsheng_sum/prm_runs/baselines/descriptors/pair_cv5_f0/metrics.json,ddce075e8ccc4797b3053c556e54e053356722fab9f445ae7a25af96bf5ce79c,/Users/yiminghua/2026Summer/changsheng_sum/prm_runs/baselines/descriptors/pair_cv5_f0/predictions.npz,,0.8058939170887529,1.4248092618131787,-0.008950132144085897,0.9034879807380395,0.7837540419355677,0.7875166045327894,1.3152524007282698,-0.023401013756819095,0.9160351878721124,0.8286011081798248
descriptor:ridge,ridge,pair_cv,pair_cv5_f0,42,/Users/yiminghua/2026Summer/changsheng_sum/prm_runs/baselines/descriptors/pair_cv5_f0/metrics.json,ddce075e8ccc4797b3053c556e54e053356722fab9f445ae7a25af96bf5ce79c,/Users/yiminghua/2026Summer/changsheng_sum/prm_runs/baselines/descriptors/pair_cv5_f0/predictions.npz,,1.7111325302787017,2.3051489137179857,-0.08091933191777037,0.6252833148252286,0.4339790419785514,1.6959584158728667,2.3288204902653145,-0.0331334536104981,0.6562932104213565,0.46264433649865
descriptor:hist_gradient_boosting,hist_gradient_boosting,pair_cv,pair_cv5_f1,42,/Users/yiminghua/2026Summer/changsheng_sum/prm_runs/baselines/descriptors/pair_cv5_f1/metrics.json,97f115c7893e8ccc78239c68eb2ca90edcc2873fe80c2bff95e7878f2262eead,/Users/yiminghua/2026Summer/changsheng_sum/prm_runs/baselines/descriptors/pair_cv5_f1/predictions.npz,,0.7404688423398762,1.3701738752647168,-0.03519677826118104,0.9264444517204778,0.8256556014431113,0.713862203935847,1.2632939169325348,-0.0008861173398779927,0.9221127806871723,0.830002181086878
descriptor:lightgbm,lightgbm,pair_cv,pair_cv5_f1,42,/Users/yiminghua/2026Summer/changsheng_sum/prm_runs/baselines/descriptors/pair_cv5_f1/metrics.json,97f115c7893e8ccc78239c68eb2ca90edcc2873fe80c2bff95e7878f2262eead,/Users/yiminghua/2026Summer/changsheng_sum/prm_runs/baselines/descriptors/pair_cv5_f1/predictions.npz,,0.7273727705351166,1.3527999827491306,-0.024999091923433584,0.9299846659345394,0.8300489659344356,0.6875050123804066,1.2443526715084936,-0.013897343605714802,0.9249414803213061,0.8350617020618568
descriptor:mean,mean,pair_cv,pair_cv5_f1,42,/Users/yiminghua/2026Summer/changsheng_sum/prm_runs/baselines/descriptors/pair_cv5_f1/metrics.json,97f115c7893e8ccc78239c68eb2ca90edcc2873fe80c2bff95e7878f2262eead,/Users/yiminghua/2026Summer/changsheng_sum/prm_runs/baselines/descriptors/pair_cv5_f1/predictions.npz,,2.332590515515786,3.281736513553077,0.03985296039207088,nan,-0.0001474951732758356,2.226279908747109,3.0641230886766797,0.03185954399321823,nan,-0.00010812189541509198
descriptor:random_forest,random_forest,pair_cv,pair_cv5_f1,42,/Users/yiminghua/2026Summer/changsheng_sum/prm_runs/baselines/descriptors/pair_cv5_f1/metrics.json,97f115c7893e8ccc78239c68eb2ca90edcc2873fe80c2bff95e7878f2262eead,/Users/yiminghua/2026Summer/changsheng_sum/prm_runs/baselines/descriptors/pair_cv5_f1/predictions.npz,,0.8274822638688918,1.5560364433655158,-0.00857012028853578,0.9144009002220824,0.7751483070821152,0.7963811301128397,1.3980309853730575,0.010737530864389689,0.9083986426633404,0.7918060362766661
descriptor:ridge,ridge,pair_cv,pair_cv5_f1,42,/Users/yiminghua/2026Summer/changsheng_sum/prm_runs/baselines/descriptors/pair_cv5_f1/metrics.json,97f115c7893e8ccc78239c68eb2ca90edcc2873fe80c2bff95e7878f2262eead,/Users/yiminghua/2026Summer/changsheng_sum/prm_runs/baselines/descriptors/pair_cv5_f1/predictions.npz,,1.7409887862613214,2.4528110400974885,0.1580385383270872,0.6582871711917525,0.4412920927896714,1.7185795367685264,2.307565719876721,0.005949107862570873,0.6215558842467939,0.4327915438160953
descriptor:hist_gradient_boosting,hist_gradient_boosting,pair_cv,pair_cv5_f2,42,/Users/yiminghua/2026Summer/changsheng_sum/prm_runs/baselines/descriptors/pair_cv5_f2/metrics.json,f7f6f24a5613e3ab1667e269b28177db6abb0f49ff493f47eb26f8f113e2ef5f,/Users/yiminghua/2026Summer/changsheng_sum/prm_runs/baselines/descriptors/pair_cv5_f2/predictions.npz,,0.7263639730226544,1.3106905135716007,-0.02206352863457211,0.9390401829748819,0.8448047822955449,0.7361994281586695,1.3419876309551737,-0.022084373837543143,0.9304200250670038,0.832754801141867
descriptor:lightgbm,lightgbm,pair_cv,pair_cv5_f2,42,/Users/yiminghua/2026Summer/changsheng_sum/prm_runs/baselines/descriptors/pair_cv5_f2/metrics.json,f7f6f24a5613e3ab1667e269b28177db6abb0f49ff493f47eb26f8f113e2ef5f,/Users/yiminghua/2026Summer/changsheng_sum/prm_runs/baselines/descriptors/pair_cv5_f2/predictions.npz,,0.7020298924050732,1.274419100098512,-0.017458775824021326,0.9414823002397478,0.8532755245049807,0.7316819238781143,1.3525745908611715,-0.043938782878047394,0.9295618993991912,0.8301055927733529
descriptor:mean,mean,pair_cv,pair_cv5_f2,42,/Users/yiminghua/2026Summer/changsheng_sum/prm_runs/baselines/descriptors/pair_cv5_f2/metrics.json,f7f6f24a5613e3ab1667e269b28177db6abb0f49ff493f47eb26f8f113e2ef5f,/Users/yiminghua/2026Summer/changsheng_sum/prm_runs/baselines/descriptors/pair_cv5_f2/predictions.npz,,2.3287508426354604,3.3364140404486338,-0.24962424234553654,nan,-0.005629263028585019,2.318730163090534,3.281636306455706,-0.03050511289524504,nan,-8.64175414219126e-05
descriptor:random_forest,random_forest,pair_cv,pair_cv5_f2,42,/Users/yiminghua/2026Summer/changsheng_sum/prm_runs/baselines/descriptors/pair_cv5_f2/metrics.json,f7f6f24a5613e3ab1667e269b28177db6abb0f49ff493f47eb26f8f113e2ef5f,/Users/yiminghua/2026Summer/changsheng_sum/prm_runs/baselines/descriptors/pair_cv5_f2/predictions.npz,,0.8705361855100903,1.572803941154332,0.015029577213167911,0.9204206182238134,0.7765258985634399,0.8554306745035708,1.603198030632278,0.0009474750219964276,0.9104556944176027,0.7613117860882507
descriptor:ridge,ridge,pair_cv,pair_cv5_f2,42,/Users/yiminghua/2026Summer/changsheng_sum/prm_runs/baselines/descriptors/pair_cv5_f2/metrics.json,f7f6f24a5613e3ab1667e269b28177db6abb0f49ff493f47eb26f8f113e2ef5f,/Users/yiminghua/2026Summer/changsheng_sum/prm_runs/baselines/descriptors/pair_cv5_f2/predictions.npz,,1.7956355406170867,2.5476606867228484,-0.0423292804751478,0.6256356511600726,0.4136442434999439,1.7219441757195277,2.4480521161192748,0.12849136464567462,0.6665123806781484,0.4434579906717101
descriptor:hist_gradient_boosting,hist_gradient_boosting,pair_cv,pair_cv5_f3,42,/Users/yiminghua/2026Summer/changsheng_sum/prm_runs/baselines/descriptors/pair_cv5_f3/metrics.json,6d68dddf5889e7ad23cd13a6d17f04ba2bfe33d8cdc7c598b7dfab6db7909b1c,/Users/yiminghua/2026Summer/changsheng_sum/prm_runs/baselines/descriptors/pair_cv5_f3/predictions.npz,,0.7330475850839739,1.248484323589307,0.0506567950475997,0.9152988131112041,0.8400829066474538,0.7071453345289468,1.213731742308206,0.031746300165335174,0.9346147653228665,0.8669167364727979
descriptor:lightgbm,lightgbm,pair_cv,pair_cv5_f3,42,/Users/yiminghua/2026Summer/changsheng_sum/prm_runs/baselines/descriptors/pair_cv5_f3/metrics.json,6d68dddf5889e7ad23cd13a6d17f04ba2bfe33d8cdc7c598b7dfab6db7909b1c,/Users/yiminghua/2026Summer/changsheng_sum/prm_runs/baselines/descriptors/pair_cv5_f3/predictions.npz,,0.7281309109989829,1.2293885737403965,0.05996448612576546,0.9202117182150074,0.8449374059454839,0.702651590549783,1.2138695279899578,0.02770449291875936,0.9385328660535631,0.8668865189076085
descriptor:mean,mean,pair_cv,pair_cv5_f3,42,/Users/yiminghua/2026Summer/changsheng_sum/prm_runs/baselines/descriptors/pair_cv5_f3/metrics.json,6d68dddf5889e7ad23cd13a6d17f04ba2bfe33d8cdc7c598b7dfab6db7909b1c,/Users/yiminghua/2026Summer/changsheng_sum/prm_runs/baselines/descriptors/pair_cv5_f3/predictions.npz,,2.2562581042499716,3.1220632992060726,0.016485053494828095,nan,-2.788106904416665e-05,2.329915681510033,3.3355558807005212,-0.23787947860131645,nan,-0.00511201333498934
descriptor:random_forest,random_forest,pair_cv,pair_cv5_f3,42,/Users/yiminghua/2026Summer/changsheng_sum/prm_runs/baselines/descriptors/pair_cv5_f3/metrics.json,6d68dddf5889e7ad23cd13a6d17f04ba2bfe33d8cdc7c598b7dfab6db7909b1c,/Users/yiminghua/2026Summer/changsheng_sum/prm_runs/baselines/descriptors/pair_cv5_f3/predictions.npz,,0.8617456493988729,1.4574232087623775,0.05153676900410635,0.8900719759203987,0.7820785084842322,0.8599846988078549,1.4707967653192604,0.050007396667009436,0.9164360761105614,0.8045735448818719
descriptor:ridge,ridge,pair_cv,pair_cv5_f3,42,/Users/yiminghua/2026Summer/changsheng_sum/prm_runs/baselines/descriptors/pair_cv5_f3/metrics.json,6d68dddf5889e7ad23cd13a6d17f04ba2bfe33d8cdc7c598b7dfab6db7909b1c,/Users/yiminghua/2026Summer/changsheng_sum/prm_runs/baselines/descriptors/pair_cv5_f3/predictions.npz,,1.8031540622054727,2.4616091024464266,-0.0454290940962755,0.5979470713417274,0.37832002476997995,1.8596333731944077,2.605437066133051,-0.08615830262147926,0.5990444510193648,0.38674768425429285
descriptor:hist_gradient_boosting,hist_gradient_boosting,pair_cv,pair_cv5_f4,42,/Users/yiminghua/2026Summer/changsheng_sum/prm_runs/baselines/descriptors/pair_cv5_f4/metrics.json,7297f2cbed6382e9e2d648fc83242a90769332d520fa56befbad857fd9d95e30,/Users/yiminghua/2026Summer/changsheng_sum/prm_runs/baselines/descriptors/pair_cv5_f4/predictions.npz,,0.6587884910655429,1.101582547006973,-0.03925169833219561,0.9421532032751714,0.8797669410902553,0.7494560558598073,1.2841486773824096,0.042015952252220025,0.9120605049522843,0.830815988622327
descriptor:lightgbm,lightgbm,pair_cv,pair_cv5_f4,42,/Users/yiminghua/2026Summer/changsheng_sum/prm_runs/baselines/descriptors/pair_cv5_f4/metrics.json,7297f2cbed6382e9e2d648fc83242a90769332d520fa56befbad857fd9d95e30,/Users/yiminghua/2026Summer/changsheng_sum/prm_runs/baselines/descriptors/pair_cv5_f4/predictions.npz,,0.6582788548705726,1.0950950272703028,-0.04026623411957427,0.9399732914168443,0.8811789414642698,0.7380806028288424,1.245073669021621,0.0406028535074167,0.9180368087748685,0.8409554477805558
descriptor:mean,mean,pair_cv,pair_cv5_f4,42,/Users/yiminghua/2026Summer/changsheng_sum/prm_runs/baselines/descriptors/pair_cv5_f4/metrics.json,7297f2cbed6382e9e2d648fc83242a90769332d520fa56befbad857fd9d95e30,/Users/yiminghua/2026Summer/changsheng_sum/prm_runs/baselines/descriptors/pair_cv5_f4/predictions.npz,,2.3406156676306606,3.179992826063805,0.13995910077992957,nan,-0.0019408505292661804,2.2730314172968047,3.123990225488806,0.11093890971529786,nan,-0.0012626892617970675
descriptor:random_forest,random_forest,pair_cv,pair_cv5_f4,42,/Users/yiminghua/2026Summer/changsheng_sum/prm_runs/baselines/descriptors/pair_cv5_f4/metrics.json,7297f2cbed6382e9e2d648fc83242a90769332d520fa56befbad857fd9d95e30,/Users/yiminghua/2026Summer/changsheng_sum/prm_runs/baselines/descriptors/pair_cv5_f4/predictions.npz,,0.7872697980103583,1.2999109169324141,-0.020925862491638244,0.9161410458039162,0.8325762807302765,0.8478846880093048,1.446386192038612,0.03235411407268886,0.8964118557371168,0.7853666349128983
descriptor:ridge,ridge,pair_cv,pair_cv5_f4,42,/Users/yiminghua/2026Summer/changsheng_sum/prm_runs/baselines/descriptors/pair_cv5_f4/metrics.json,7297f2cbed6382e9e2d648fc83242a90769332d520fa56befbad857fd9d95e30,/Users/yiminghua/2026Summer/changsheng_sum/prm_runs/baselines/descriptors/pair_cv5_f4/predictions.npz,,1.6879017248520232,2.318163851628099,-0.0570064173106686,0.6564604872469852,0.46755094324533175,1.8196785902928587,2.473363340017765,-0.03881555737163275,0.5924193505298179,0.37236877885449793
