model,regime,split_id,n_seeds,validation_mae,validation_rmse,validation_bias,validation_spearman,validation_r2,test_mae,test_rmse,test_bias,test_spearman,test_r2
dart,chemistry_block,chemistry_block_g6x3d,3,0.3650560072997892,0.7835532387940197,-0.06557686362493997,0.949957182104614,0.9242367705192988,0.4289925385827888,0.7696643058214928,0.08479051981886772,0.9209391189715156,0.8957692245366626
dart,dopant_cv,dopant_cv5_f0,3,0.7502042479801402,1.2448018012586999,-0.05371201697474096,0.9220110209992365,0.84499110061215,0.7068788354198107,1.106977439319783,-0.06650925741487035,0.9267190442702312,0.8888055970102665
dart,dopant_cv,dopant_cv5_f1,3,0.8392208734505339,1.257995699927658,0.026149199524902866,0.8893940061275133,0.8481550628486797,0.8504415267136197,1.3323829488164483,0.007445094239818141,0.9059008868374434,0.8223400204663415
dart,dopant_cv,dopant_cv5_f2,3,0.9961458932124639,1.4906835772756457,0.3754367188995156,0.8200087208602599,0.7769843630514006,0.8536946514342102,1.2989713456479006,-0.12851331978901026,0.8888500538418468,0.8378187231025104
dart,dopant_cv,dopant_cv5_f3,3,0.7940781158988832,1.241891972662139,-0.13321420038817636,0.8993978938684944,0.8247154457575951,1.093166742146785,1.624935359404257,0.5052857250989563,0.7952274418866477,0.734723148342507
dart,dopant_cv,dopant_cv5_f4,3,0.7072368225088409,1.068738821185125,-0.07443554065357398,0.9141555329584338,0.89637919812936,0.9253029220028411,1.3678934155956755,-0.2972093735790697,0.8595824992945609,0.7872916610931155
dart,host_cv,host_cv5_f0,3,1.0012921905049958,1.6019264199748988,0.1442593745478519,0.840702442089282,0.6649874672873762,0.8654074721938513,1.5943541063626618,0.1599116573026743,0.8693792396460074,0.6671560454550157
dart,host_cv,host_cv5_f1,3,0.8893358965055319,1.4478505745841825,0.2619651626745909,0.8886780026305416,0.8187369220042046,1.2389210957153918,1.8638873403494847,0.45889340892445135,0.7850046709358464,0.5478172721852016
dart,host_cv,host_cv5_f2,3,0.9154479555492722,1.5339721929654366,-0.004664793969458744,0.9053527715571162,0.8024505699483261,1.1112649418940184,1.799396333043398,0.1562297534589677,0.8287635408530919,0.7175426672709332
dart,host_cv,host_cv5_f3,3,0.844478323035641,1.6933832459270122,-0.32256340227567265,0.915533990065966,0.7498588507982543,0.8748094687341564,1.4422048016619116,-0.253433630639801,0.9183357258209767,0.8253013839279366
dart,host_cv,host_cv5_f4,3,0.8129803283579866,1.5322446249034078,0.012924773367985773,0.8799660262756442,0.6922357812739269,0.9250433523572248,1.8101832502313158,-0.44016701579113565,0.8894773512199651,0.714204187979659
dart,id_cv,id_cv5_f0,1,0.4041945635232947,0.88119653344951,-0.008170089240739245,0.9692471146398306,0.9210921078379729,0.39577864744812885,0.8599344899232366,-0.025897106830031606,0.9605536804052955,0.9243612758593098
dart,id_cv,id_cv5_f1,1,0.4096698820172134,0.8324243270670179,0.002446757057954359,0.9645289719847261,0.9310998939692828,0.40881842273506075,0.8589884732882825,0.0005688367467282527,0.9653553155812851,0.9250192889482706
dart,id_cv,id_cv5_f2,1,0.42543464717489365,0.8950866796888964,-0.02169989615104965,0.9679613938014464,0.9269415023125934,0.4086875590509285,0.8221511775761009,-0.007173301332842554,0.9678623025585481,0.9327900257227357
dart,id_cv,id_cv5_f3,1,0.4430353177491864,1.0676093210159807,-0.10444220808969579,0.9661423640970158,0.8925155621067038,0.441361325342108,0.9985631748859776,-0.05541244033578337,0.9679660746808776,0.9090732556735498
dart,id_cv,id_cv5_f4,1,0.3914826779480951,0.8695383245445668,-0.059036664948278195,0.9617966475277722,0.9226623599955606,0.4335401056008254,1.0345678530662574,-0.08309537191562484,0.9648483496561555,0.8990656861675321
dart,id_repeat,id_repeat_s42,1,0.3890390964680572,0.976302986299612,-0.04928253520710244,0.9711386084055822,0.916440406112877,0.39034147748226555,0.9135415979028574,-0.021174236209853713,0.9702585660376412,0.9184871682338025
dart,id_repeat,id_repeat_s43,1,0.3774573954715468,0.8723901892126842,-0.021202111554383136,0.9686370552490474,0.9223541059203557,0.3802348730660281,0.7854303275391313,3.182204685584512e-05,0.9642037451542602,0.9354921893374197
dart,id_repeat,id_repeat_s44,1,0.3495010249947465,0.7388498297419744,-0.031895214444603415,0.9731246545063158,0.9400776718177962,0.37347444701887017,0.8903461718219631,-0.03399760642372079,0.97037747900299,0.9262397103842301
dart,id_repeat,id_repeat_s45,1,0.3549156129238772,0.7371319186681828,-0.03783846798194791,0.9757684479048432,0.9517679041411882,0.382700669743077,0.8549168671192109,-0.03532078407817718,0.9775547938928615,0.9287152055284807
dart,id_repeat,id_repeat_s46,1,0.38562186925495207,0.8646813179535453,-0.06303614030779867,0.9671503957183002,0.9229058803330991,0.38316909726781956,0.8685575164082453,-0.06764785655276197,0.9675327029149045,0.9268132839876866
dart,pair_cv,pair_cv5_f0,1,0.4802346168463553,0.89934907795769,-0.02234445511660925,0.9618522108313966,0.9200983856232855,0.4424593535713734,1.0292956368894013,-0.0059506609403581785,0.9561225499402628,0.8944293546123308
dart,pair_cv,pair_cv5_f1,1,0.47443300313487063,1.0369375279857962,-0.04048074906200061,0.9602484655704328,0.8989827750285329,0.48850428007111263,0.9799572562457327,-0.06970590934580088,0.9620932652347132,0.9051334225138633
dart,pair_cv,pair_cv5_f2,1,0.42335326729198886,0.8465199745635205,0.0015684310978729377,0.9675262993004583,0.9263504189199205,0.4393855039232973,0.9284660553325578,-0.03584917051863372,0.9628004021815538,0.9190116948956714
dart,pair_cv,pair_cv5_f3,1,0.4241081142296637,0.8992496501977582,-0.050493290797199455,0.966554806262101,0.924512399791433,0.4345666024379642,0.8656207813627318,0.007572620143786,0.965105184570054,0.9229892755507039
dart,pair_cv,pair_cv5_f4,1,0.44604636771588196,1.052127131318727,-0.0630168723726496,0.9592128546709519,0.8896939449842934,0.4439203880770349,0.9323715323368998,-0.0656403258747928,0.9648286322291312,0.9188491498530509
descriptor:mean,chemistry_block,chemistry_block_g6x3d,1,2.013688528995043,2.8553674381434586,-0.1929088429327768,,-0.0045852929001217735,1.7728932913411153,2.823572983202333,-1.5112556889685156,,-0.4014811024173437
descriptor:mean,dopant_cv,dopant_cv5_f0,1,2.3585683280520278,3.1747652726953466,-0.2873772935820735,,-0.008261422045627631,2.3389791476582444,3.3287261086015376,0.23953781324435897,,-0.0052053125489399665
descriptor:mean,dopant_cv,dopant_cv5_f1,1,2.288309558432412,3.246835628927655,0.33580033303710705,,-0.010812150763998218,2.3592214158626366,3.1726288051410894,-0.26272553618781813,,-0.006904853720406612
descriptor:mean,dopant_cv,dopant_cv5_f2,1,2.409402063071582,3.243958933299913,0.7411974934901879,,-0.05508115718847373,2.3674060243856276,3.2828257138304666,0.5897159738215535,,-0.03334537696443296
descriptor:mean,dopant_cv,dopant_cv5_f3,1,2.2136796619908177,3.090268403119398,-0.8664392344708131,,-0.08531803340541133,2.279175428624297,3.180205868109543,0.3739164705896204,,-0.014017945371498364
descriptor:mean,dopant_cv,dopant_cv5_f4,1,2.288970725766651,3.3209059021709657,0.07332713660241304,,-0.0004877846202837599,2.228396558991083,3.1128857301631188,-0.9439362863908938,,-0.10126281103308044
descriptor:mean,host_cv,host_cv5_f0,1,2.3093051169763124,2.932680255230797,0.957247057425652,,-0.11924611695582565,2.158469971361296,2.843068310381031,0.6597892470244812,,-0.05692181497535542
descriptor:mean,host_cv,host_cv5_f1,1,2.456774469421991,3.405852092578371,-0.16432562815524657,,-0.0023333032990284774,2.22351648434169,2.872542977111838,0.753134519779859,,-0.07381443053775194
descriptor:mean,host_cv,host_cv5_f2,1,2.454295131234677,3.4708086789342922,-0.3646106885310115,,-0.011158782181750482,2.4326465221786626,3.430576716068642,-0.4427539275720249,,-0.01693890910985507
descriptor:mean,host_cv,host_cv5_f3,1,2.311253544275033,3.461668860535211,-0.7061776115023186,,-0.04342273162250021,2.451148227526058,3.4783131614515077,-0.4302214750012266,,-0.015536106099438118
descriptor:mean,host_cv,host_cv5_f4,1,2.069612840330715,2.7808659767832915,0.29240385398823193,,-0.011179810896218889,2.3133930526272857,3.4293616899216723,-0.5254113810057812,,-0.02403743942495762
descriptor:mean,id_cv,id_cv5_f0,1,2.250574252513966,3.1376602584246753,0.06505194973864274,,-0.00043002679734627236,2.2596866237723794,3.12871372096688,0.11081053153631966,,-0.001255959214592428
descriptor:mean,id_cv,id_cv5_f1,1,2.3019995915544285,3.1712831885821204,-0.0030952177775597904,,-9.526048438956991e-07,2.2455639268478866,3.1371990141791337,0.036572030757485365,,-0.00013591676739266312
descriptor:mean,id_cv,id_cv5_f2,1,2.3720975065942005,3.3115380744881846,-0.001187704327753747,,-1.2863443066279956e-07,2.300510208417241,3.1713064564578897,-0.012536305716099119,,-1.562678050670563e-05
descriptor:mean,id_cv,id_cv5_f3,1,2.316472546591567,3.258976872591016,-0.12923078836787563,,-0.0015748995635291863,2.3673879784387903,3.311676928008274,-0.030349091567577244,,-8.39908434147052e-05
descriptor:mean,id_cv,id_cv5_f4,1,2.25202118707071,3.127499311770068,0.06842054702492543,,-0.00047883572463569557,2.3198733656911243,3.2580911485172255,-0.10453837871974966,,-0.0010305578977767293
descriptor:mean,id_repeat,id_repeat_s42,1,2.349486231718886,3.384378823926504,-0.21675177905344256,,-0.0041186266654400505,2.268734081944621,3.205986706003451,-0.1999602434797682,,-0.0039053200866809856
descriptor:mean,id_repeat,id_repeat_s43,1,2.211045272312698,3.1327593612514817,-0.11155329365249735,,-0.00126958489352047,2.2683279486630354,3.0931785988372837,-0.06751640017022185,,-0.00047666748516639323
descriptor:mean,id_repeat,id_repeat_s44,1,2.2028711372242773,3.0300531448102266,0.26666643571188475,,-0.007805721288120626,2.3673143941649393,3.2783121415099803,0.011588755770806555,,-1.249621369558973e-05
descriptor:mean,id_repeat,id_repeat_s45,1,2.435360608507364,3.359391682780774,-0.14111390218376543,,-0.0017676053248301127,2.2852822294289283,3.2022859878716354,-0.040468509170504964,,-0.0001597289162429405
descriptor:mean,id_repeat,id_repeat_s46,1,2.243306244592124,3.1152672611334387,-0.08182591913620707,,-0.0006903842725198839,2.293892235646435,3.212348101276879,-0.10679853365123912,,-0.001106536324018581
descriptor:mean,pair_cv,pair_cv5_f0,1,2.2978258300247396,3.1821808975946797,0.058877452171265256,,-0.0003424498549040589,2.2931407997670963,3.1697196614874876,0.10801504385524946,,-0.0011626029051836628
descriptor:mean,pair_cv,pair_cv5_f1,1,2.31200231596652,3.263296468726673,-0.0705986211247704,,-0.00046825528608551714,2.289808564836638,3.1816679397066743,0.014218576405995583,,-1.997152379273892e-05
descriptor:mean,pair_cv,pair_cv5_f2,1,2.2702647945658208,3.1193675019876173,0.025466614851269442,,-6.665585463627721e-05,2.3123805053017015,3.2632368371892078,-0.0677862677049654,,-0.00043169169725532086
descriptor:mean,pair_cv,pair_cv5_f3,1,2.325681624316471,3.2741663283874827,-0.08837788344501078,,-0.000729125449067336,2.269404950351647,3.1193297882125415,0.020328886974396512,,-4.247399027024201e-05
descriptor:mean,pair_cv,pair_cv5_f4,1,2.2872950467102213,3.168756910623803,0.0745980958524164,,-0.0005545215077071841,2.3277865484566598,3.273828205438925,-0.0748105812255061,,-0.0005224456552073153
descriptor:validation_selected,chemistry_block,chemistry_block_g6x3d,1,0.5478046892353602,0.8502493596793793,-0.00325015228224467,0.9355274620017887,0.9109250806865966,0.6418160664372107,1.0450747337433761,0.2290442313653657,0.8624004560451901,0.8080076577864768
descriptor:validation_selected,dopant_cv,dopant_cv5_f0,1,1.0647044769940368,1.6049585391411372,-0.03167035288649894,0.8329690270511577,0.7423218796084105,1.1118423331230884,1.6011851025166068,-0.11597743949374963,0.8210687973666909,0.7674149842463519
descriptor:validation_selected,dopant_cv,dopant_cv5_f1,1,1.0209124201563213,1.494470672095552,0.33130807024879366,0.8699818945099874,0.7858467639885196,1.208333960707813,1.6868521600130464,0.1250191681100638,0.7981934153393774,0.71535474304747
descriptor:validation_selected,dopant_cv,dopant_cv5_f2,1,1.666002331712335,2.234985667776862,1.1627311706623231,0.6851523366052257,0.49917654876164086,1.337539667994027,1.7857304165900358,0.7968650201186676,0.8436834417257212,0.6942393169007988
descriptor:validation_selected,dopant_cv,dopant_cv5_f3,1,1.19291049916552,1.704296730935806,-0.39551156336916876,0.7917474002889456,0.6698927684946918,1.483916428701482,2.0664294170001942,0.8182679729649754,0.6976069408246068,0.5718693472030589
descriptor:validation_selected,dopant_cv,dopant_cv5_f4,1,1.200666122300966,1.6654143327601292,-0.045260588247385464,0.7833855171704497,0.7483811076051812,1.5273267412201375,2.0206121863749553,-0.42226747632783596,0.6530730951439045,0.5359865682637501
descriptor:validation_selected,host_cv,host_cv5_f0,1,1.493657086042072,2.2529746672304634,0.7754974619516246,0.7060459060895994,0.3394453063312749,1.0508843991937986,1.9574929724972832,0.6403938378565017,0.8243804364974082,0.49896427190512094
descriptor:validation_selected,host_cv,host_cv5_f1,1,1.1129823844147224,1.681479253031333,0.1238348021292521,0.8586733606732183,0.755688663703735,1.4906040730493335,2.1748050525906444,0.459040592428894,0.6754316079300243,0.3844875632700069
descriptor:validation_selected,host_cv,host_cv5_f2,1,1.2159230679643822,2.105350645347028,-0.4208079357407709,0.8552874110196084,0.6279452237061092,1.4148907977606056,2.113404049714137,-0.4024353988934174,0.7970819169608484,0.6140547826912943
descriptor:validation_selected,host_cv,host_cv5_f3,1,1.0860318152355282,1.9338800668732328,-0.5253296012359413,0.8578887891994735,0.6743520675924406,1.124403294527938,1.8211974054115068,-0.2760854541876938,0.8696683286529483,0.7215981899863977
descriptor:validation_selected,host_cv,host_cv5_f4,1,1.0611166387685196,1.937889848108843,0.5251747264385596,0.8201230952667128,0.5089491717492521,1.249415567889836,2.232923728847164,-0.2863146681789181,0.7807402601853108,0.5658527755393123
descriptor:validation_selected,id_cv,id_cv5_f0,1,0.6316989863901805,1.1172617963122644,0.01911344026812519,0.9378064486943692,0.8731516619180334,0.6145259667795199,1.0875916975283286,-0.0019434334722590917,0.9389379067732984,0.8790111837688417
descriptor:validation_selected,id_cv,id_cv5_f1,1,0.610456872924384,1.0505514363432658,-0.008719600850225792,0.9445250232644338,0.8902599876157228,0.6260601422901168,1.113079567755073,0.014794525093216266,0.9414864309429477,0.8740995432851046
descriptor:validation_selected,id_cv,id_cv5_f2,1,0.6541121693217116,1.2014195581129363,0.011178357761803271,0.9454888985633922,0.8683775575056347,0.6035430514047995,1.0299060413966779,-0.01791260671142937,0.9452216211897573,0.8945308187708736
descriptor:validation_selected,id_cv,id_cv5_f3,1,0.645656348334923,1.2863716503941303,-0.0512259688865631,0.94322549822288,0.8439535849294234,0.6544658716916535,1.222747071805559,-0.01512756461093459,0.9419788942570113,0.8636629749114781
descriptor:validation_selected,id_cv,id_cv5_f4,1,0.5897576964994885,1.062802464752422,-0.04128129904999887,0.9445805750322871,0.8844636705121194,0.6271602713812869,1.2204392565704678,-0.05931237036419401,0.9442667203847184,0.8595398226164397
descriptor:validation_selected,id_repeat,id_repeat_s42,1,0.588006425272151,1.195915843756909,0.003827160257508312,0.9469772265143703,0.8746199829595002,0.5684118940154268,1.0593555228624985,-0.046477992869675556,0.9522334609987891,0.8903893403043552
descriptor:validation_selected,id_repeat,id_repeat_s43,1,0.5881618045737768,1.1179350143548712,-0.0443254396337578,0.9463130602504677,0.8724941623763522,0.5425763632148272,0.9170113690054259,0.009358747397870607,0.9534013053547755,0.9120681093013433
descriptor:validation_selected,id_repeat,id_repeat_s44,1,0.5361942045216848,0.8639205399343723,0.05962698053840879,0.9460650813128155,0.9180735895110581,0.5770651135049196,1.1180549512661073,-0.014962152761424218,0.9532002551276605,0.8836862330387543
descriptor:validation_selected,id_repeat,id_repeat_s45,1,0.5878737106931795,1.0495524414073014,-0.042757651430650676,0.9563877343540218,0.9022191102723618,0.5514119605407892,1.0853212255435398,-0.014941342098480817,0.9556918790996896,0.8851143655649584
descriptor:validation_selected,id_repeat,id_repeat_s46,1,0.5902259116072262,1.086064310116536,-0.06931562292955201,0.9500507983600341,0.8783757461007259,0.5841023166925694,1.0764129862979928,-0.05234989020862706,0.9516205475506595,0.8875931047336821
descriptor:validation_selected,pair_cv,pair_cv5_f0,1,0.6725588040149942,1.169962599644993,-0.04042656243068771,0.9339466121194823,0.8647793785603187,0.658738540274553,1.2544224510647508,0.0068384415524930684,0.9330325059153982,0.8431983791423692
descriptor:validation_selected,pair_cv,pair_cv5_f1,1,0.7179099119038762,1.29182567927251,-0.04377743282313732,0.9319812376896206,0.8432173222219956,0.6949654251134088,1.1835113876440406,-0.05962503893312092,0.9360320708910882,0.8616293911381985
descriptor:validation_selected,pair_cv,pair_cv5_f2,1,0.6663797402862353,1.1001717741041843,0.09924420408877058,0.9335847949657645,0.8756010090052222,0.7062614158853533,1.2608381123377688,-0.03223757159763172,0.9336670895314821,0.8506487343538628
descriptor:validation_selected,pair_cv,pair_cv5_f3,1,0.6622578435313451,1.1741314740527726,-0.030371231418371628,0.9406835430972806,0.8713088967584743,0.6652712329581125,1.0942363760445433,0.06607256599307282,0.9340139822190283,0.8769396469112031
descriptor:validation_selected,pair_cv,pair_cv5_f4,1,0.6526832746165434,1.2578758636811338,-0.003751322204086444,0.9342910507127684,0.8423338441233859,0.6459456366091406,1.1854167820805999,-0.08674083312928874,0.9430380499329863,0.8688231473475707
schnet,chemistry_block,chemistry_block_g6x3d,3,0.6254062651390356,1.2071050415941527,0.041168829793774765,0.9102366589096382,0.8202990253800184,0.5546639858315524,0.8714453663629534,0.19562202131367165,0.8961376141123308,0.8664741786290094
schnet,dopant_cv,dopant_cv5_f0,3,1.8198450008874207,2.3821447774240156,-0.07200645761285178,0.46736275027363927,0.43137544252466586,1.7132040559960726,2.227000286180266,0.30577968314997617,0.48479397493444326,0.5488109957230941
schnet,dopant_cv,dopant_cv5_f1,3,1.5594655098589676,2.269408949348458,0.394213609324818,0.5353144821209058,0.5053826445742117,1.8175942604575468,2.3823692561688987,-0.20834421005436768,0.4425703357439242,0.4318606100213065
schnet,dopant_cv,dopant_cv5_f2,3,1.6468461868100805,2.2096027978792194,0.4857161585042699,0.5343583162880645,0.5095798601564456,1.6477387897984055,2.3655768761784457,0.40763737025142865,0.49529716828364045,0.462966071771826
schnet,dopant_cv,dopant_cv5_f3,3,1.6808943664371878,2.519440987725092,-0.5579304812600637,0.5585206396403567,0.2762723167745783,1.7168668141082837,2.2333641525700707,0.8879163778172691,0.5688251795915399,0.4997490283034072
schnet,dopant_cv,dopant_cv5_f4,3,1.5238571652275053,1.9813778790279801,0.13234405046287598,0.5609610015556762,0.6426592922346877,1.8562512180871626,2.907519481678787,-1.2041013761825399,0.5809801469645176,0.03833868821287878
schnet,host_cv,host_cv5_f0,3,3.1844918946824214,4.536559039038008,1.750152610701517,0.33932879575559327,-1.700851747418395,4.092982285635932,6.392280244416077,3.568084354922121,0.3534760120584685,-4.472785255126888
schnet,host_cv,host_cv5_f1,3,4.240203906396078,5.837938045217874,3.129656378713964,0.313933754438888,-2.0723881125798127,9.206662380721015,14.337818919443123,-2.898573456354205,0.17981269754541326,-35.64402289347215
schnet,host_cv,host_cv5_f2,3,6.516680586380346,9.1422390801297,4.2203693066330805,0.1855833385282523,-6.291142677519112,5.830350750741594,9.042786917747579,3.753939267809699,0.22781916362889945,-6.09239043795161
schnet,host_cv,host_cv5_f3,3,4.599310750110258,7.279475570035927,2.697713230208004,0.3890148137758687,-5.365594367674565,6.068383783901304,11.334591028141892,4.200773081697705,0.2415239025015231,-16.226169988323367
schnet,host_cv,host_cv5_f4,3,2.7769855094130134,4.120580098640221,2.409817053820102,0.5854687191023301,-1.3607865051233399,13.298123132811703,26.02768507281054,9.862927128418832,0.3028190681079042,-98.43985854454705
schnet,id_cv,id_cv5_f0,1,0.6087561352416408,1.8899347043208705,0.021331484256594608,0.9486464043051519,0.6370318798381022,0.5841567869708406,1.46518188770343,0.00474091231668945,0.9489463524211953,0.7804180984310374
schnet,id_cv,id_cv5_f1,1,0.5619589507663912,0.9429851372550896,-0.011068924043278043,0.9493602833189269,0.911582128007052,0.587551742311098,1.655548631628903,0.017477160365796652,0.947814299410348,0.721478472917071
schnet,id_cv,id_cv5_f2,1,0.5684073649451574,1.034451822171456,-0.0018894346777012705,0.9536228708891519,0.9024199386028724,0.541813009898312,0.9482024688955669,-0.02166790306287212,0.9548757469956043,0.91060102768221
schnet,id_cv,id_cv5_f3,1,0.5799419683167449,1.1706737577241957,-0.07388422023175774,0.9505708536827241,0.8707612817393091,0.5730958219767892,1.0473948399204445,-0.051201552657688304,0.9561853240426481,0.8999628272736715
schnet,id_cv,id_cv5_f4,1,0.5735729289246063,1.2616995127524964,-0.029996691679979134,0.9449963342231541,0.8371734092704106,0.5699461390562889,1.123162581335674,-0.07815388418339264,0.9503897948449668,0.8810385830232992
schnet,id_repeat,id_repeat_s42,1,0.5296851533579908,1.0583463522180754,-0.053105683501540095,0.9524731093237446,0.9018065046582086,0.6187985845079477,2.622972533160702,0.09003509352855814,0.9555744232637114,0.32801928234347855
schnet,id_repeat,id_repeat_s43,1,0.5176012701779739,0.9717676024932815,-0.04577426271886912,0.947875600729089,0.9036566415043195,0.5201492165091274,0.9110417371492353,-0.03969519469763661,0.9467864536107398,0.9132092349405817
schnet,id_repeat,id_repeat_s44,1,0.5262681248257155,0.999115428056453,0.0016193457574931241,0.9463187597527747,0.8904259650979234,0.5502164929141113,1.5616494761984714,-0.0011280562836979084,0.9611259852884632,0.773080435418336
schnet,id_repeat,id_repeat_s45,1,0.49092330438585646,0.8781897748627282,-0.034225574430418175,0.9651726234512903,0.9315422766345643,0.5476895421552213,1.1227325764560596,-0.012440735498809221,0.954224056640995,0.8770575740231554
schnet,id_repeat,id_repeat_s46,1,0.5046218251937056,0.9639050894770393,-0.061154161091463786,0.9553404536155197,0.9041973221126981,0.5943730362424243,2.5852310527523046,0.049496332020521575,0.9587621403535704,0.3516137118659214
schnet,pair_cv,pair_cv5_f0,1,0.6378928831403123,1.2580451616387842,-0.04480235135154595,0.9437087292575289,0.8436523239556696,0.6061654587152606,1.154360288796905,-0.016775599623529907,0.9412396601082529,0.8672160238651341
schnet,pair_cv,pair_cv5_f1,1,0.6389527333597482,1.1355322444784515,-0.03552648239725777,0.9408639774395304,0.8788595476667064,0.6604460741901429,1.4272663079024377,-0.05320562548429085,0.9382100327413343,0.7987624624004577
schnet,pair_cv,pair_cv5_f2,1,0.6125017820177759,1.0623415507995633,0.012623716696236091,0.9398410649693298,0.8840090256143458,0.6072522595936938,1.0965341089622562,-0.014581987732443001,0.9429966638431474,0.8870374363391886
schnet,pair_cv,pair_cv5_f3,1,0.6546020392619425,1.8982702510975111,-0.008461696520304662,0.9471863596404825,0.6636192400075672,0.6056879042186671,1.0119796835061479,-0.022745958387437287,0.943673567277193,0.8947457968017829
schnet,pair_cv,pair_cv5_f4,1,0.6045312624829303,1.1169217231261046,-0.008633626191003002,0.9418314699963325,0.8756893354376655,0.6589084201303963,1.8055519099400357,0.016067273820155353,0.9425892337499572,0.6956768279903788
