model,regime,n_folds,validation_mae_mean,validation_mae_std,validation_mae_ci_low,validation_mae_ci_high,validation_mae_n,validation_mae_n_defined,validation_mae_interval_status,validation_rmse_mean,validation_rmse_std,validation_rmse_ci_low,validation_rmse_ci_high,validation_rmse_n,validation_rmse_n_defined,validation_rmse_interval_status,validation_bias_mean,validation_bias_std,validation_bias_ci_low,validation_bias_ci_high,validation_bias_n,validation_bias_n_defined,validation_bias_interval_status,validation_spearman_mean,validation_spearman_std,validation_spearman_ci_low,validation_spearman_ci_high,validation_spearman_n,validation_spearman_n_defined,validation_spearman_interval_status,validation_r2_mean,validation_r2_std,validation_r2_ci_low,validation_r2_ci_high,validation_r2_n,validation_r2_n_defined,validation_r2_interval_status,test_mae_mean,test_mae_std,test_mae_ci_low,test_mae_ci_high,test_mae_n,test_mae_n_defined,test_mae_interval_status,test_rmse_mean,test_rmse_std,test_rmse_ci_low,test_rmse_ci_high,test_rmse_n,test_rmse_n_defined,test_rmse_interval_status,test_bias_mean,test_bias_std,test_bias_ci_low,test_bias_ci_high,test_bias_n,test_bias_n_defined,test_bias_interval_status,test_spearman_mean,test_spearman_std,test_spearman_ci_low,test_spearman_ci_high,test_spearman_n,test_spearman_n_defined,test_spearman_interval_status,test_r2_mean,test_r2_std,test_r2_ci_low,test_r2_ci_high,test_r2_n,test_r2_n_defined,test_r2_interval_status
dart,chemistry_block,1,0.3650560072997892,0.0,,,1,1,not_estimable_single_fold,0.7835532387940197,0.0,,,1,1,not_estimable_single_fold,-0.06557686362493997,0.0,,,1,1,not_estimable_single_fold,0.949957182104614,0.0,,,1,1,not_estimable_single_fold,0.9242367705192988,0.0,,,1,1,not_estimable_single_fold,0.4289925385827888,0.0,,,1,1,not_estimable_single_fold,0.7696643058214928,0.0,,,1,1,not_estimable_single_fold,0.08479051981886772,0.0,,,1,1,not_estimable_single_fold,0.9209391189715156,0.0,,,1,1,not_estimable_single_fold,0.8957692245366626,0.0,,,1,1,not_estimable_single_fold
dart,dopant_cv,5,0.8173771906101723,0.11137924773001195,0.7417920513753691,0.9153187822870315,5,5,estimated,1.2608223744618534,0.15029576920641813,1.1418027929483467,1.3923308668688674,5,5,estimated,0.028044832081585435,0.20240775748865913,-0.09380229981164832,0.20384903116705466,5,5,estimated,0.8889934349627875,0.04059124340730043,0.8527151403333454,0.9143462003567671,5,5,estimated,0.8382450340798371,0.04318338421377538,0.8041870580757002,0.8724016205988709,5,5,estimated,0.8858969355434534,0.14040580275334205,0.7799268159392966,0.997377905861755,5,5,estimated,1.3462321017568128,0.18561579266291708,1.1975594158405851,1.5079143951691336,5,5,estimated,0.004099773711164834,0.30189303532995626,-0.19599174130503405,0.2765677320934256,5,5,estimated,0.8752559852261459,0.051045521480241114,0.8326764866687274,0.9108179832114391,5,5,estimated,0.8141958300029483,0.0575124501404138,0.7662642559928721,0.8582134726656129,5,5,estimated
dart,host_cv,5,0.8927069387906854,0.07245965506386608,0.8397734527317745,0.9527605700199802,5,5,estimated,1.5618754116709874,0.09159234458749543,1.4958900673385767,1.6385091503557443,5,5,estimated,0.018384222869059434,0.21907908041653293,-0.16561912524972494,0.18509801372043316,5,5,estimated,0.8860466465237099,0.02890598876676721,0.8632276200911008,0.9063841536061317,5,5,estimated,0.7456539182624177,0.066979922753974,0.6928610695841722,0.7984467669406631,5,5,estimated,1.0030892661789284,0.16494072884722677,0.8810954468426481,1.138687140246809,5,5,estimated,1.7020051663297544,0.17781897793078422,1.5462303523159424,1.8295075028409997,5,5,estimated,0.016286834651031347,0.3595872414228696,-0.28280460414210673,0.2787679771826438,5,5,estimated,0.8581921056951775,0.05230586637924248,0.8146509809761193,0.8970010787455781,5,5,estimated,0.6944043113637492,0.10036395055513335,0.6143720385029846,0.7714528770436969,5,5,estimated
dart,id_cv,5,0.41476341768253666,0.019955031312010214,0.4002048729919986,0.43174703278914955,5,5,estimated,0.9091710371531944,0.09157570801501363,0.8546927255535473,0.9930442059893924,5,5,estimated,-0.03818042027436171,0.04372757324761104,-0.07610667569162097,-0.006629312103323885,5,5,estimated,0.9659352984101582,0.0029249893424394737,0.9635760616738978,0.9681118761959141,5,5,estimated,0.9188622852444228,0.015236430953031201,0.9051160592941356,0.9277731806439313,5,5,estimated,0.4176372120354103,0.019048620389839975,0.4035501671466351,0.4332623281356155,5,5,estimated,0.914841033747971,0.09495993192216454,0.8444427583304007,0.9922510414746066,5,5,estimated,-0.03420187673351083,0.03481729989069255,-0.062374371483100086,-0.007821207200452042,5,5,estimated,0.9653171445764324,0.0030168889797586485,0.9628743386861182,0.9674024140120272,5,5,estimated,0.9180619064742797,0.01366251213444239,0.9062579206248834,0.9279959810402645,5,5,estimated
dart,id_repeat,5,0.37130699982263593,0.018037102092661024,0.35725813426175884,0.3853558653835131,5,5,estimated,0.8378712483751997,0.10127603007383602,0.763328962954772,0.9124135337956275,5,5,estimated,-0.04065089389916711,0.016112349963534986,-0.05405723411502037,-0.028806623995984205,5,5,estimated,0.9711638323568177,0.003447470822883892,0.9685427020680555,0.9738134106939785,5,5,estimated,0.9307091936650632,0.014709989447680486,0.9200989808799129,0.9435470980323432,5,5,estimated,0.3819841129156121,0.006067071736584771,0.37725862161350143,0.3868856805561289,5,5,estimated,0.8625584961582815,0.04851435023568295,0.8203108043117137,0.8955479653050125,5,5,estimated,-0.03162173224353156,0.02463892787809478,-0.05188771798926336,-0.013504113673067721,5,5,estimated,0.9699854574005314,0.004923599426842707,0.9666256735076125,0.9741149127192956,5,5,estimated,0.927149511494324,0.0060833512384524625,0.9220832841228237,0.9320206271975264,5,5,estimated
dart,pair_cv,5,0.44963507384375206,0.026956015856999787,0.42819382615183743,0.47107632153566675,5,5,estimated,0.9468366724046984,0.09190658448856935,0.8781776654960494,1.018513714427947,5,5,estimated,-0.03495338725011719,0.025260779446929595,-0.05350021508033974,-0.015251240966076478,5,5,estimated,0.9630789273270681,0.003752456420120014,0.9601549702628331,0.9660028843913031,5,5,estimated,0.9119275848694931,0.01654584946434593,0.8985154019545692,0.9243648046091983,5,5,estimated,0.44976722561615645,0.021948741314659834,0.4377237028913279,0.46976374644273405,5,5,estimated,0.9471422524334647,0.061316245417962885,0.9010571311332972,0.9965606657840673,5,5,estimated,-0.03391468930715992,0.03462099577211537,-0.06130832819196421,-0.0065210504223556145,5,5,estimated,0.962190006831143,0.0036282426801181296,0.9590579094569266,0.9645336071559848,5,5,estimated,0.9120825794851241,0.011965390350970105,0.9014866362493054,0.9205702181491603,5,5,estimated
descriptor:mean,chemistry_block,1,2.013688528995043,0.0,,,1,1,not_estimable_single_fold,2.8553674381434586,0.0,,,1,1,not_estimable_single_fold,-0.1929088429327768,0.0,,,1,1,not_estimable_single_fold,,,,,1,0,undefined_or_incomplete_metric,-0.0045852929001217735,0.0,,,1,1,not_estimable_single_fold,1.7728932913411153,0.0,,,1,1,not_estimable_single_fold,2.823572983202333,0.0,,,1,1,not_estimable_single_fold,-1.5112556889685156,0.0,,,1,1,not_estimable_single_fold,,,,,1,0,undefined_or_incomplete_metric,-0.4014811024173437,0.0,,,1,1,not_estimable_single_fold
descriptor:mean,dopant_cv,5,2.3117860674626978,0.0748565554780125,2.2575833744913787,2.370257582855429,5,5,estimated,3.215346828042656,0.0869545718966854,3.140966524864967,3.2764637382249795,5,5,estimated,-0.0006983129846357044,0.6125382997572644,-0.5101789327914811,0.45440310398511946,5,5,estimated,,,,,5,0,undefined_or_incomplete_metric,-0.031992109604758935,0.03667770763273274,-0.06385933589006706,-0.0056621128191642,5,5,estimated,2.3146357151043775,0.05928704944300881,2.2647173042920365,2.3584468056309547,5,5,estimated,3.2154544451691507,0.08798607347799985,3.150246987743592,3.2883265689552337,5,5,estimated,-0.0006983129846358071,0.6133911481790956,-0.5352098362690484,0.4333605404133413,5,5,estimated,,,,,5,0,undefined_or_incomplete_metric,-0.032147259927671666,0.040218511083224315,-0.06846782452252284,-0.0076476555820383044,5,5,estimated
descriptor:mean,host_cv,5,2.3202482204477457,0.15781851953267717,2.194487753840627,2.4267847312953923,5,5,estimated,3.2103751728123924,0.3281683910303092,2.9473894092231765,3.454161434303475,5,5,estimated,0.0029073966450614552,0.6442845573284712,-0.4611804456443814,0.5086179831932925,5,5,estimated,,,,,5,0,undefined_or_incomplete_metric,-0.037468148991064744,0.048323932948020766,-0.08069887715780114,-0.007632796371555362,5,5,estimated,2.3158348516069984,0.12771748601492441,2.2154731928066513,2.416196510407345,5,5,estimated,3.2107725709869386,0.3229855701492502,2.9664649248647144,3.4494282889923946,5,5,estimated,0.0029073966450614995,0.6441408750847907,-0.4733104184313678,0.49528777575840666,5,5,estimated,,,,,5,0,undefined_or_incomplete_metric,-0.037449740029471636,0.026373963311377705,-0.059060803139693266,-0.017797493968708798,5,5,estimated
descriptor:mean,id_cv,5,2.2986330168649745,0.05051960363288801,2.261438094144756,2.336957250688976,5,5,estimated,3.2013915411712133,0.08043099536014552,3.1403204657943213,3.266250270896049,5,5,estimated,-8.242741924199826e-06,0.08003860749213204,-0.06514712662850877,0.05344367460717185,5,5,estimated,,,,,5,0,undefined_or_incomplete_metric,-0.0004969686649571425,0.0006441325537271205,-0.00104089740401343,-8.643785517907787e-05,5,5,estimated,2.298604420633484,0.04877260186016263,2.2622022619315545,2.3363447849559753,5,5,estimated,3.20139745362588,0.08013359196007727,3.140626385349983,3.266064189344236,5,5,estimated,-8.242741924199826e-06,0.08003590747082316,-0.06002480642844622,0.06626743106901908,5,5,estimated,,,,,5,0,undefined_or_incomplete_metric,-0.0005044103007366463,0.0005901496415419653,-0.0009764852769937437,-6.703040304709696e-05,5,5,estimated
descriptor:mean,id_repeat,5,2.2884138988710694,0.10082327885047851,2.2142278127332147,2.3733226659107354,5,5,estimated,3.2043700547804854,0.15802582580255425,3.0846800346277625,3.325559083138745,5,5,estimated,-0.05691569166280552,0.18771527217275777,-0.1713690529316363,0.11537854396613192,5,5,estimated,,,,,5,0,undefined_or_incomplete_metric,-0.0031303844888862288,0.0029201344158172686,-0.005645234960464362,-0.0011375087313821642,5,5,estimated,2.296710177969592,0.04096250431965917,2.271881258128848,2.3329139000171746,5,5,estimated,3.198422307099846,0.06656707082761383,3.138833977132073,3.2486418236810053,5,5,estimated,-0.08063098614018553,0.07939412748999965,-0.14698270615594966,-0.022500155101864885,5,5,estimated,,,,,5,0,undefined_or_incomplete_metric,-0.001132149805160898,0.0016062388585320181,-0.0025669985595514256,-0.00016422354900869074,5,5,estimated
descriptor:mean,pair_cv,5,2.2986139223167545,0.021472777270082004,2.2820183492748405,2.31473817763651,5,5,estimated,3.2015536214640514,0.0657462343056544,3.1516859445635044,3.2514212983645985,5,5,estimated,-6.868338966017906e-06,0.07495797839796178,-0.05849727885765858,0.05848354217972655,5,5,estimated,,,,,5,0,undefined_or_incomplete_metric,-0.00043220159048007467,0.0002480447882682154,-0.0006168695419626502,-0.0002272956272159732,5,5,estimated,2.298504273742749,0.022367131258757052,2.282080784238656,2.316110228835657,5,5,estimated,3.201556486406967,0.0655706387249945,3.1519533678213465,3.251159604992588,5,5,estimated,-6.868338965990151e-06,0.07495712470552628,-0.05437782488141744,0.0553175501670359,5,5,estimated,,,,,5,0,undefined_or_incomplete_metric,-0.000435837154341856,0.0004645926913312671,-0.0008105456722057091,-0.00011131654507625654,5,5,estimated
descriptor:validation_selected,chemistry_block,1,0.5478046892353602,0.0,,,1,1,not_estimable_single_fold,0.8502493596793793,0.0,,,1,1,not_estimable_single_fold,-0.00325015228224467,0.0,,,1,1,not_estimable_single_fold,0.9355274620017887,0.0,,,1,1,not_estimable_single_fold,0.9109250806865966,0.0,,,1,1,not_estimable_single_fold,0.6418160664372107,0.0,,,1,1,not_estimable_single_fold,1.0450747337433761,0.0,,,1,1,not_estimable_single_fold,0.2290442313653657,0.0,,,1,1,not_estimable_single_fold,0.8624004560451901,0.0,,,1,1,not_estimable_single_fold,0.8080076577864768,0.0,,,1,1,not_estimable_single_fold
descriptor:validation_selected,dopant_cv,5,1.2290391700658359,0.25659781308084806,1.0656215719527933,1.4526755188864013,5,5,estimated,1.740825188541897,0.28738736872705894,1.5607633923229032,2.0028424546815056,5,5,estimated,0.20431934728161272,0.5942343315420722,-0.1826429312239215,0.6849705612427943,5,5,estimated,0.7926472351251532,0.0693690110501562,0.734362310807457,0.8403716005429237,5,5,estimated,0.6891238136916888,0.1141781357869446,0.5906538357536268,0.7621555245591625,5,5,estimated,1.3337918263493096,0.17678267690666596,1.195578451131166,1.4720052015674532,5,5,estimated,1.8321618564989677,0.20433787223532485,1.6723609883298685,1.991962724668067,5,5,estimated,0.2403814490744242,0.5529535493610817,-0.1902941327066215,0.6710570308554699,5,5,estimated,0.7627251380800601,0.08288573208603811,0.6955790047246022,0.8255395787048403,5,5,estimated,0.6569729919322859,0.09858370373004764,0.5790367590083558,0.7319557542976886,5,5,estimated
descriptor:validation_selected,host_cv,5,1.1939421984850447,0.17759078246614884,1.0814558584845637,1.3516021929718236,5,5,estimated,1.98231489611818,0.21401875444277862,1.816733694262852,2.1386755843906373,5,5,estimated,0.09567389070854482,0.5700488809966623,-0.3536880543648344,0.545035835781924,5,5,estimated,0.8196037124497224,0.06550029771211409,0.7593868348417459,0.8576823421529983,5,5,estimated,0.5812760866165623,0.16199861306899208,0.4411476255820612,0.6976053372596921,5,5,estimated,1.2660396264843023,0.18655752700978062,1.1199981910666619,1.4120810619019426,5,5,estimated,2.059964641812147,0.16842592751952554,1.9191780482644893,2.1857723225179506,5,5,estimated,0.026919781805073296,0.4840848782266439,-0.330717117666473,0.41878148756389616,5,5,estimated,0.789460510045308,0.0720926739478884,0.7262831040945584,0.8406337639761083,5,5,estimated,0.5569915166784265,0.1260504563772851,0.45329634888128717,0.6555627249111217,5,5,estimated
descriptor:validation_selected,id_cv,5,0.6263364146941375,0.026285319228571545,0.6050772621515546,0.6462472043406899,5,5,estimated,1.1436813811830038,0.09950727387522462,1.068793919700728,1.22466739480955,5,5,estimated,-0.014187014151371857,0.03117771402415416,-0.03874682734466994,0.010372799041926227,5,5,estimated,0.9431252887554724,0.0030807412947256438,0.940426748573876,0.9449327940911584,5,5,estimated,0.8720412924961867,0.01795697300576655,0.856940396561205,0.8847242381729845,5,5,estimated,0.6251510607094752,0.019000132808063154,0.6104630784750411,0.6410167706471535,5,5,estimated,1.1347527270112212,0.08481141149939078,1.069615009121017,1.1998904449014254,5,5,estimated,-0.015900290013120162,0.027505548360121472,-0.03955863025525409,0.004751749953931051,5,5,estimated,0.9423783147095467,0.0024719358736249105,0.9405133743295122,0.9442836029793875,5,5,estimated,0.8741688686705477,0.01380619992556301,0.8641010276681881,0.885253322998588,5,5,estimated
descriptor:validation_selected,id_repeat,5,0.5780924113336037,0.023441606881274786,0.5569501686821964,0.5893115741574018,5,5,estimated,1.062677629913998,0.12352063427287854,0.9527780480072379,1.1491273461156863,5,5,estimated,-0.018588914639608677,0.05108791971462997,-0.05400795531145406,0.026147088369868503,5,5,estimated,0.9491587801583419,0.004344011564147729,0.9463467019281874,0.9530558165469831,5,5,estimated,0.8891565182439998,0.020074849503211586,0.8745208073544862,0.9062119723530072,5,5,estimated,0.5647135295937064,0.0173864204498247,0.551241232738038,0.5781493508820809,5,5,estimated,1.051231210995113,0.07801063002914586,0.9807720159224527,1.098414715832567,5,5,estimated,-0.023874526108067413,0.025423639164378772,-0.04369380111880751,-0.005225468432528928,5,5,estimated,0.9532294896263147,0.0015551933037977546,0.9521108783091632,0.9545420807305266,5,5,estimated,0.8917702305886186,0.011629818079198728,0.8850388603882215,0.9022781074742788,5,5,estimated
descriptor:validation_selected,pair_cv,5,0.6743579148705988,0.025396191996604974,0.6585732942791939,0.6972978432568198,5,5,estimated,1.1987934781511187,0.07634034522470945,1.1428800443102254,1.2578758636811338,5,5,estimated,-0.003816468957502503,0.05971565866544007,-0.03975584438520434,0.0500407714478176,5,5,estimated,0.9348974477169832,0.0033532835989171545,0.9328362751802224,0.937985294994075,5,5,estimated,0.8594480901338795,0.015703131866392394,0.8471763422502164,0.8717198380175424,5,5,estimated,0.6742364501681137,0.025378235232148452,0.6549279173451,0.6944976426088043,5,5,estimated,1.1956850218343409,0.06752864696624807,1.1441285933684844,1.2440896351444195,5,5,estimated,-0.021138487222895096,0.05978408749756298,-0.06499386314449021,0.02908622011971812,5,5,estimated,0.9359567396979965,0.004114564896657351,0.9334826346225578,0.9396357453210891,5,5,estimated,0.8602478597786408,0.013572839997153115,0.8498134038257081,0.8706309959311491,5,5,estimated
schnet,chemistry_block,1,0.6254062651390356,0.0,,,1,1,not_estimable_single_fold,1.2071050415941527,0.0,,,1,1,not_estimable_single_fold,0.041168829793774765,0.0,,,1,1,not_estimable_single_fold,0.9102366589096382,0.0,,,1,1,not_estimable_single_fold,0.8202990253800184,0.0,,,1,1,not_estimable_single_fold,0.5546639858315524,0.0,,,1,1,not_estimable_single_fold,0.8714453663629534,0.0,,,1,1,not_estimable_single_fold,0.19562202131367165,0.0,,,1,1,not_estimable_single_fold,0.8961376141123308,0.0,,,1,1,not_estimable_single_fold,0.8664741786290094,0.0,,,1,1,not_estimable_single_fold
schnet,dopant_cv,5,1.6461816458442324,0.11602515058047044,1.5623862743957342,1.7399789757916835,5,5,estimated,2.2723950782809528,0.20107180032277672,2.107176242477435,2.4194281723744386,5,5,estimated,0.0764673758838097,0.41715541411032414,-0.27031685841364494,0.37844071722421035,5,5,estimated,0.5313034379757285,0.037862182466167765,0.4989934413498679,0.55515239211909,5,5,estimated,0.47305391125291785,0.13379589668633646,0.3679164478944316,0.5729471927605881,5,5,estimated,1.7503310276894943,0.0848039829688475,1.687750501139448,1.8199103941430212,5,5,estimated,2.4231660105552932,0.28021639195019316,2.257261150735824,2.667658370755066,5,5,estimated,0.037777568996353275,0.7959580146968233,-0.6066470765056365,0.5793774358574744,5,5,estimated,0.5144933611036131,0.05872799189657411,0.47000515792807507,0.5593119190839071,5,5,estimated,0.3963450788065025,0.2048209693609306,0.20932514059267,0.5144730261425869,5,5,estimated
schnet,host_cv,5,4.2635345293964235,1.463225729237702,3.222951834606344,5.466768880786743,5,5,estimated,6.183358366612347,2.0641442177701474,4.6304432641148665,7.848550369892607,5,5,estimated,2.8415417160153336,0.9195622028967909,2.1579862529277234,3.6113068760630496,5,5,estimated,0.3626658843201865,0.14544160123569494,0.25701872502324374,0.48701274976363534,5,5,estimated,-3.358152682063045,2.2924637944508177,-5.1879748295300585,-1.6391329235326566,5,5,estimated,7.69930046676231,3.6324010061009444,5.183009971331272,10.84324668155729,5,5,estimated,13.427032436511842,7.627149485532154,8.440945070493841,20.150447454943084,5,5,estimated,3.6974300752988305,4.521998846967992,-0.18537258648855773,7.382161001597663,5,5,estimated,0.2610901687684417,0.06777217527777533,0.2113575249700297,0.31821325358244185,5,5,estimated,-32.175045423884214,39.06771685110556,-67.08727675644805,-7.471304274896073,5,5,estimated
schnet,id_cv,5,0.5785274696389081,0.01814698901307415,0.5668452371122152,0.594682852714827,5,5,estimated,1.2599489868448217,0.3728840933593759,1.0250213493378442,1.5931910895773127,5,5,estimated,-0.019101557275224314,0.03576120566609765,-0.04875810175636586,0.006421665282420682,5,5,estimated,0.9494393492838217,0.0031287997388104493,0.9468412521314677,0.9518975635559525,5,5,estimated,0.8317937274915492,0.11273180464518644,0.730523640598585,0.8997530829918314,5,5,estimated,0.5713127000426658,0.01805516404099364,0.5559083911444131,0.5833516305920846,5,5,estimated,1.2478980818968037,0.29957018316170403,1.0228714397935394,1.4958445245021168,5,5,estimated,-0.025761053444293393,0.03939826976498718,-0.056184458578235355,0.004553648460420017,5,5,estimated,0.9516423035429525,0.0036940742396039577,0.9487822197016108,0.9545023873842944,5,5,estimated,0.8386998018654579,0.08344626094333742,0.7689632688911845,0.9004332585870124,5,5,estimated
schnet,id_repeat,5,0.5138199355882485,0.016045419881551413,0.5014153783418531,0.5259015653090773,5,5,estimated,0.9742648494215155,0.0652518796488335,0.9210904710275838,1.022807797721102,5,5,estimated,-0.038528067196959614,0.024532022860588424,-0.054858790380975374,-0.017338097633051774,5,5,estimated,0.9534361093744836,0.007481236207912427,0.9481723660574943,0.9594432009493151,5,5,estimated,0.9063257420015427,0.015171966742450856,0.8958263717821575,0.9201261313349199,5,5,estimated,0.5662453744657664,0.03962040187093374,0.5371788020485617,0.5992581458955291,5,5,estimated,1.7607254751433548,0.8049701987202412,1.1258396206818122,2.395611329604897,5,5,estimated,0.017253487813787195,0.05196042637020313,-0.021079983335317916,0.06143217542147735,5,5,estimated,0.955294611831496,0.005469044925966276,0.9506691115653568,0.959234909340549,5,5,estimated,0.6485960477182946,0.2866527258465588,0.42646928476742724,0.870722810669162,5,5,estimated
schnet,pair_cv,5,0.6296961400525418,0.02062820849984319,0.6130096605652631,0.6450004856767387,5,5,estimated,1.2942221862280827,0.3451700387838026,1.0988117584659574,1.6030394931461764,5,5,estimated,-0.01696008795277506,0.023111992307865023,-0.03567904659444006,-6.191716782802808e-05,5,5,estimated,0.9426863202606409,0.0028914898660473078,0.9406483109628105,0.9450997814107103,5,5,estimated,0.829165894536391,0.09388451709969232,0.7437038139185435,0.8802852963999539,5,5,estimated,0.6276920233696321,0.029208943238856283,0.6061917970923099,0.6492824202832171,5,5,estimated,1.2991384598215565,0.32300957126765734,1.0742775747467426,1.5785805487174769,5,5,estimated,-0.01824837948150914,0.024674951036434575,-0.03863361513998647,0.002174775068117154,5,5,estimated,0.941741831543977,0.0021650679246810285,0.9399086651218898,0.9431859391981275,5,5,estimated,0.8286877094793885,0.08342692542268902,0.7561077486346753,0.8861564980294154,5,5,estimated
