coverage,mae_risk_eV,oracle_mae_risk_eV
0.0009775171065493646,0.05121980533752213,0.00038614245117185586
0.0019550342130987292,0.050145940515756715,0.0005273217504769834
0.002932551319648094,0.08959406541951524,0.0006410567325786746
0.0039100684261974585,0.09670624100785008,0.0007197795577961186
0.004887585532746823,0.08812648407739884,0.0008237189644206388
0.005865102639296188,0.08024053751648197,0.0009441885197502877
0.006842619745845552,0.09155123579302517,0.001197989055219185
0.007820136852394917,0.09153531683250626,0.0013888133649838062
0.008797653958944282,0.08747781508118023,0.0016401398837282883
0.009775171065493646,0.08089477123541808,0.0018684746921703494
0.010752688172043012,0.07454573165860659,0.0020862463924623616
0.011730205278592375,0.07039645064875781,0.0023058310792264925
0.01270772238514174,0.0891741149492533,0.002509527596643543
0.013685239491691105,0.08533360705052427,0.002693468301497825
0.01466275659824047,0.08754797412512699,0.002854730728451984
0.015640273704789834,0.08610191105309069,0.0029966040887048056
0.016617790811339198,0.08329425884392505,0.003136446220772828
0.017595307917888565,0.08128106049294653,0.003278266990865233
0.01857282502443793,0.07756051686048386,0.0034183142227652242
0.019550342130987292,0.07783920059723266,0.0035461095727232494
0.020527859237536656,0.0850152331410465,0.003670917068930471
0.021505376344086023,0.08268009863894539,0.0038018644310262232
0.022482893450635387,0.08386305401470821,0.0039341703409866155
0.02346041055718475,0.08103421919642297,0.004060729093766274
0.024437927663734114,0.0778424294922028,0.004189086105064985
0.02541544477028348,0.07666010067239859,0.004315718915602619
0.026392961876832845,0.07783369144251205,0.0044346189348547236
0.02737047898338221,0.07648897815427771,0.00455363943113901
0.028347996089931573,0.07868966486818751,0.004672884179969126
0.02932551319648094,0.07774175197776483,0.004787578375201109
0.030303030303030304,0.1295154743778172,0.004895187541175681
0.03128054740957967,0.12594401664302082,0.005001716015677652
0.03225806451612903,0.12401814913240447,0.005108938309931174
0.033235581622678395,0.12209460354955312,0.005222572400883947
0.03421309872922776,0.12137618686962912,0.005346090148188212
0.03519061583577713,0.1288457675020516,0.005475030973861279
0.03616813294232649,0.12611441807670648,0.005607965334103951
0.03714565004887586,0.12291986135452032,0.005739090758894794
0.03812316715542522,0.12195436965611146,0.005868683549870889
0.039100684261974585,0.11996187316132864,0.005998349858386407
0.04007820136852395,0.11727958259330645,0.006124617228032299
0.04105571847507331,0.11455208261568811,0.0062467989892536265
0.042033235581622676,0.11229863984394613,0.006365010180006977
0.043010752688172046,0.110591488411038,0.0064780194443539085
0.04398826979472141,0.10861951043919334,0.0065968683941330635
0.044965786901270774,0.10712121994125907,0.006724957801655413
0.04594330400782014,0.10612974615096593,0.006852756942537213
0.0469208211143695,0.10530418553059757,0.00697818624648625
0.047898338220918865,0.10447078309671759,0.007100509321583237
0.04887585532746823,0.10360803501186451,0.007221665950837743
0.04985337243401759,0.10167363992938967,0.0073423583334964555
0.05083088954056696,0.1013986098911218,0.007458886947345951
0.05180840664711633,0.10009409546486818,0.0075736909449527
0.05278592375366569,0.10109044547385704,0.007684378821084965
0.053763440860215055,0.10225563756786898,0.0077919280048735304
0.05474095796676442,0.10138347903285812,0.007900531636517674
0.05571847507331378,0.10119706380972121,0.008007734952683187
0.056695992179863146,0.09967179576857256,0.008111486903032192
0.05767350928641251,0.10005550325945686,0.008218272346086112
0.05865102639296188,0.10023203227268845,0.008324871420408173
0.059628543499511244,0.10159444818511776,0.008435738005028842
0.06060606060606061,0.10448920777081629,0.008544643747034853
0.06158357771260997,0.10305304765791369,0.00865074189175387
0.06256109481915934,0.10164844286301361,0.008754405254091267
0.0635386119257087,0.10056112618711248,0.008856108742886193
0.06451612903225806,0.10006121637171196,0.008963910403991889
0.06549364613880743,0.1011398708395359,0.00906979144205487
0.06647116324535679,0.10046546129817871,0.009174173025120975
0.06744868035190615,0.09962282167169675,0.009276006215063158
0.06842619745845552,0.09916146150721646,0.009377254597118929
0.06940371456500488,0.09873833307767321,0.009482549626279091
0.07038123167155426,0.09811914528891358,0.009585818401818994
0.07135874877810362,0.09678420495687068,0.009689703501200969
0.07233626588465299,0.09639628497776838,0.009797329716465594
0.07331378299120235,0.09533657319760017,0.009904714734007352
0.07429130009775171,0.09417387592404881,0.010010337510213936
0.07526881720430108,0.09396280750591023,0.010114728273306192
0.07624633431085044,0.09380315503478324,0.010217031976958665
0.0772238514173998,0.09280675728854888,0.010325634873052995
0.07820136852394917,0.09258785275061142,0.010436504356306706
0.07917888563049853,0.09311154506723775,0.010548148593643492
0.0801564027370479,0.09326356158658682,0.010660552283658701
0.08113391984359726,0.09312182579035398,0.010772012710635446
0.08211143695014662,0.09373520286219258,0.01088238238717757
0.08308895405669599,0.09324568425222964,0.010993194209987827
0.08406647116324535,0.09241891011408247,0.011103380697629945
0.08504398826979472,0.09160876306804436,0.011218534395575101
0.08602150537634409,0.09228884977364596,0.011335612424766012
0.08699902248289346,0.0930654707649108,0.011451474943853571
0.08797653958944282,0.09209779021443319,0.01156704166312218
0.08895405669599218,0.09160782562848407,0.011680987547140259
0.08993157380254155,0.09112160832646986,0.011794706251753667
0.09090909090909091,0.09122489786553598,0.011908571216964045
0.09188660801564028,0.0902997815413854,0.012020400697224778
0.09286412512218964,0.09011122772092238,0.012131431799318308
0.093841642228739,0.09030915109050823,0.012243495054818901
0.09481915933528837,0.09047007457697055,0.012354990887049656
0.09579667644183773,0.08978220229334026,0.012464765242889909
0.0967741935483871,0.08913118847090945,0.012574317558644306
0.09775171065493646,0.08902786276132221,0.01268363641350211
0.09872922776148582,0.08845938849140472,0.012791363509190119
0.09970674486803519,0.08772328642253244,0.012897051192855592
0.10068426197458455,0.09701640671273556,0.013007044388420111
0.10166177908113393,0.09776546535748395,0.013116246661627874
0.10263929618768329,0.09745373714924518,0.01322590715706826
0.10361681329423265,0.0988726557490335,0.013333832047803291
0.10459433040078202,0.09798528034921215,0.013439885674363376
0.10557184750733138,0.09816129183400461,0.01354464932127132
0.10654936461388075,0.09806583299129912,0.01364798200406335
0.10752688172043011,0.09736634134973148,0.013749711183404352
0.10850439882697947,0.09650309986276452,0.013849858312382798
0.10948191593352884,0.09945916049379641,0.01395190365658318
0.1104594330400782,0.09910634758115013,0.014052611003628373
0.11143695014662756,0.0989663563474496,0.014151718023361744
0.11241446725317693,0.09863870170517046,0.014253258067060407
0.11339198435972629,0.09845165346438133,0.014353995837777285
0.11436950146627566,0.09781158867475408,0.014454009127527275
0.11534701857282502,0.10237430630615009,0.014553531115418846
0.11632453567937438,0.10312941170936676,0.014653693799147868
0.11730205278592376,0.102611545282087,0.014755665511735893
0.11827956989247312,0.10183065203612275,0.014857214686392046
0.11925708699902249,0.10230211671312678,0.01496169213131605
0.12023460410557185,0.10174860178039048,0.01506595348605562
0.12121212121212122,0.10154569124234586,0.01517100230559852
0.12218963831867058,0.10110109979249499,0.015278974892998487
0.12316715542521994,0.10042002119954938,0.015385605070505381
0.1241446725317693,0.10698199102177189,0.015490978308941694
0.12512218963831867,0.10749080813967717,0.015599458381841253
0.12609970674486803,0.10738483170883314,0.015706418418219625
0.1270772238514174,0.10681292168995876,0.015813362358849378
0.12805474095796676,0.10629286550679064,0.015918725324180743
0.12903225806451613,0.10559027437610355,0.016022589527620135
0.1300097751710655,0.10632828214846804,0.01612545937385253
0.13098729227761485,0.10575646123002072,0.016233115101582374
0.13196480938416422,0.10501707384607216,0.016340644921336665
0.13294232649071358,0.10450305539213794,0.016446730861546747
0.13391984359726294,0.10437530624740737,0.01655216249775426
0.1348973607038123,0.10455379330545417,0.016656660297983867
0.13587487781036167,0.10414536872597964,0.016762048408896422
0.13685239491691104,0.10353071907192407,0.016867586107979397
0.1378299120234604,0.10333942256313954,0.01697215614621823
0.13880742913000976,0.10287984822855419,0.01707650239256915
0.13978494623655913,0.10238464255901926,0.01718132012048867
0.14076246334310852,0.10212061193870847,0.017285317110353655
0.14173998044965788,0.10203813743721703,0.01738858627028004
0.14271749755620725,0.10230380922715608,0.017490782948104622
0.1436950146627566,0.10166236655994558,0.017595337010275932
0.14467253176930597,0.10106310744079891,0.01769966939030896
0.14565004887585534,0.10085927594341398,0.01780579892372353
0.1466275659824047,0.10192595112610146,0.017911375424864186
0.14760508308895406,0.10177064582432677,0.01801937810408073
0.14858260019550343,0.10179958413039007,0.01812666479232244
0.1495601173020528,0.10158097055582349,0.018233273820474176
0.15053763440860216,0.10118191502560477,0.01834088221426072
0.15151515151515152,0.10085924782407872,0.01844712309953503
0.15249266862170088,0.10040115843465931,0.01855394002909582
0.15347018572825025,0.10035986033404484,0.018660754977022565
0.1544477028347996,0.10011371944631242,0.018766743897212595
0.15542521994134897,0.10026325277315896,0.018874447041271034
0.15640273704789834,0.10069556823243075,0.018984255401079456
0.1573802541544477,0.10092882335403093,0.019093055973387438
0.15835777126099707,0.10070177112845465,0.019203652229145007
0.15933528836754643,0.10087189863869632,0.019313624358608367
0.1603128054740958,0.10116169340319868,0.019422589922250925
0.16129032258064516,0.10068425373418728,0.019531824072757543
0.16226783968719452,0.10022734974621975,0.019642920266843084
0.16324535679374388,0.09991898081421177,0.019753321145796237
0.16422287390029325,0.1006963119254874,0.019862931422389863
0.1652003910068426,0.10095378744665627,0.01997245149383889
0.16617790811339198,0.10038141665010938,0.02008137758297885
0.16715542521994134,0.10037617474042453,0.02019017398129438
0.1681329423264907,0.09996477785715031,0.020301857711340868
0.16911045943304007,0.09987313256699643,0.020413449283911377
0.17008797653958943,0.09978437383964872,0.020524280883051072
0.1710654936461388,0.09943931899227523,0.020636293100303005
0.17204301075268819,0.09927151153807286,0.02074734665866464
0.17302052785923755,0.0988019986993863,0.020858019036030323
0.1739980449657869,0.0984964264101631,0.020967966804003427
0.17497556207233628,0.0981976325623178,0.02107882064706429
0.17595307917888564,0.09791604447615636,0.021189412979223905
0.176930596285435,0.09747369730243227,0.021300087946202036
0.17790811339198437,0.09727481178922957,0.021415222132567958
0.17888563049853373,0.09718051012161086,0.021529198391903537
0.1798631476050831,0.09672775588930291,0.021642209960811256
0.18084066471163246,0.09634154605672736,0.021758052031358704
0.18181818181818182,0.0960404428921879,0.021872789548320008
0.1827956989247312,0.09568016018009382,0.021990448992058122
0.18377321603128055,0.09524250957410221,0.022107813906090835
0.18475073313782991,0.09599086142623423,0.022224452064053907
0.18572825024437928,0.09552167215746517,0.022341218796441277
0.18670576735092864,0.09542646772730104,0.022459915701412023
0.187683284457478,0.09746326153700631,0.022578709669844068
0.18866080156402737,0.09920753350867832,0.022696876310589
0.18963831867057673,0.09944592228453154,0.02281415890299989
0.1906158357771261,0.09959262171678884,0.022932915831758802
0.19159335288367546,0.09947320386801094,0.023051109548567067
0.19257086999022482,0.09941936975680722,0.023169890259467533
0.1935483870967742,0.09943223197631605,0.02328773320211539
0.19452590420332355,0.09965836946367665,0.023404902679009455
0.19550342130987292,0.09962232499292689,0.02352114559224364
0.19648093841642228,0.09949833398559345,0.023636598669796102
0.19745845552297164,0.09926891625544854,0.023750970112213683
0.198435972629521,0.09909539437534047,0.023864885697095273
0.19941348973607037,0.09960656688213491,0.023978390807308077
0.20039100684261973,0.09921781176428415,0.024090967869351994
0.2013685239491691,0.09900008559734497,0.024202671327157536
0.20234604105571846,0.09855161690843546,0.02431527201105079
0.20332355816226785,0.09865902823462151,0.02442679366990756
0.20430107526881722,0.09852057883633782,0.02453811397386176
0.20527859237536658,0.0981774946060656,0.024648802844264777
0.20625610948191594,0.0983679996724276,0.024761111405310243
0.2072336265884653,0.09798118548981694,0.02487242554396464
0.20821114369501467,0.09769493414670095,0.024984431706203725
0.20918866080156404,0.0977307531524839,0.02509583539484499
0.2101661779081134,0.09808655579997448,0.025207352791585206
0.21114369501466276,0.09776953068377131,0.025318735535398793
0.21212121212121213,0.09735248056253842,0.02543363665346381
0.2130987292277615,0.09709499937648212,0.025548374590318557
0.21407624633431085,0.0967405915600625,0.02566536145880599
0.21505376344086022,0.09658471105085724,0.025781518021891065
0.21603128054740958,0.09639153112504771,0.025899896330407884
0.21700879765395895,0.09623089732102823,0.02601784964719095
0.2179863147605083,0.0960161664327046,0.026134927097272338
0.21896383186705767,0.09571571201674997,0.02625210362217791
0.21994134897360704,0.0953507514474731,0.026370403388929764
0.2209188660801564,0.09516479571989753,0.02648778451218206
0.22189638318670576,0.09554736904867578,0.026604733289358126
0.22287390029325513,0.09540217318352022,0.026721186005178137
0.2238514173998045,0.0950643838956809,0.026837358804349377
0.22482893450635386,0.09476496311221592,0.026952762685290805
0.22580645161290322,0.09562245279686746,0.02706723336935869
0.22678396871945258,0.09608103323578818,0.027180800292797916
0.22776148582600195,0.09633254052314483,0.027293697201506876
0.2287390029325513,0.09597587737361041,0.027407003864558528
0.22971652003910067,0.09644721367178163,0.027519705752143173
0.23069403714565004,0.09646077983607679,0.027631568566039023
0.2316715542521994,0.09801167553187386,0.02774348942562105
0.23264907135874877,0.09779055450583075,0.027855349643894967
0.23362658846529813,0.09786601104031224,0.0279680846859644
0.23460410557184752,0.09768289986860913,0.02808020989773213
0.23558162267839688,0.09767775214714838,0.028191613214229545
0.23655913978494625,0.09756608031241176,0.028302465230164844
0.2375366568914956,0.09765371595059133,0.028413483982416207
0.23851417399804498,0.09751585255432137,0.028524841534884472
0.23949169110459434,0.09718054349093949,0.02863639136580523
0.2404692082111437,0.097102920599807,0.02874721898854858
0.24144672531769307,0.0968343595155564,0.028858209536415026
0.24242424242424243,0.09679295796436557,0.028968311633464916
0.2434017595307918,0.09716361848070879,0.029078401826867214
0.24437927663734116,0.09748105426886598,0.02918828315767133
0.24535679374389052,0.09738283121519181,0.029297410850735724
0.24633431085043989,0.0972797073955803,0.02940593505338688
0.24731182795698925,0.09714869816795878,0.02951961430582574
0.2482893450635386,0.09877332264182052,0.029632635422511662
0.24926686217008798,0.09884370781318731,0.029745439928784635
0.25024437927663734,0.0987192964823846,0.02985822180138883
0.2512218963831867,0.09836748637438016,0.02997052872337465
0.25219941348973607,0.09802650232759123,0.030082083873248226
0.25317693059628543,0.09787486238575017,0.030194067172017
0.2541544477028348,0.09793385597797591,0.030306477554076058
0.25513196480938416,0.09785328278408738,0.03041843089079891
0.2561094819159335,0.0976267049362383,0.03052977772466902
0.2570869990224829,0.09752007813501991,0.030640864732769554
0.25806451612903225,0.09821904854392009,0.030751389384836413
0.2590420332355816,0.09865451105028533,0.030862196865949817
0.260019550342131,0.09848249611116378,0.030973699704038283
0.26099706744868034,0.09814183514983137,0.03108514961762886
0.2619745845552297,0.09819942564342021,0.031197804036591226
0.26295210166177907,0.09830178794861706,0.031309656335657236
0.26392961876832843,0.10172975025538877,0.03142085530794763
0.2649071358748778,0.1071495566095168,0.03153173628493794
0.26588465298142716,0.10684469188057005,0.031645187213275236
0.2668621700879765,0.10669439938831204,0.03175799865862298
0.2678396871945259,0.10678011616162549,0.031870001873499934
0.26881720430107525,0.10677955723342572,0.031982315234469524
0.2697947214076246,0.10805659516041363,0.03209411263974525
0.270772238514174,0.10780358865185963,0.03220546041734953
0.27174975562072334,0.10756786666962624,0.032319883391606255
0.2727272727272727,0.10742395114188767,0.03243358981168478
0.27370478983382207,0.10752614010925424,0.03254680689381212
0.27468230694037143,0.1075466016482148,0.0326592608294593
0.2756598240469208,0.10750192837132942,0.032770954893841145
0.27663734115347016,0.10714950881111558,0.03288259191977903
0.2776148582600195,0.10705029159891011,0.03299360731785216
0.2785923753665689,0.10713014824493045,0.033104041910668396
0.27956989247311825,0.10721791437506242,0.0332137348943391
0.2805474095796676,0.14277623175108006,0.03332447870050018
0.28152492668621704,0.14283729778462786,0.03343458121713878
0.2825024437927664,0.14234635885815322,0.03354626965388659
0.28347996089931576,0.14231681476900568,0.03365754059126675
0.2844574780058651,0.14203231127646182,0.03377000097193585
0.2854349951124145,0.14188357830484968,0.033882099723310334
0.28641251221896386,0.14191418508720954,0.033995111011379905
0.2873900293255132,0.14204249718109344,0.03410848685881765
0.2883675464320626,0.14256570476144567,0.034221273156863685
0.28934506353861195,0.14305774312428438,0.03433341559359916
0.2903225806451613,0.14280293740596153,0.03444531344806744
0.2913000977517107,0.14293474952207716,0.034557052861899897
0.29227761485826004,0.142860837370196,0.0346687201667192
0.2932551319648094,0.14253088493071986,0.03478008485450781
0.29423264907135877,0.14256349226165352,0.03489118921020242
0.29521016617790813,0.14218870065694636,0.035001660907287034
0.2961876832844575,0.14262622158334562,0.03511172706674056
0.29716520039100686,0.14236809910111467,0.03522126852411327
0.2981427174975562,0.1421842561280457,0.03533240975193468
0.2991202346041056,0.14205188307669442,0.035443710525059464
0.30009775171065495,0.14355052926087417,0.035554479961608924
0.3010752688172043,0.14452381413684595,0.03566475967678452
0.3020527859237537,0.14504073150654714,0.035774530215745746
0.30303030303030304,0.14462722334577596,0.03588404174406053
0.3040078201368524,0.14510940821941512,0.03599343455855762
0.30498533724340177,0.1451116034887998,0.03610379169281085
0.30596285434995113,0.14497513224574562,0.03621417308721364
0.3069403714565005,0.1447348312902996,0.03632397576633221
0.30791788856304986,0.1448213807337799,0.03643394212185801
0.3088954056695992,0.14463063392885206,0.036543854992815684
0.3098729227761486,0.1441923329388003,0.036653441793132846
0.31085043988269795,0.14378148754849118,0.03676252821545554
0.3118279569892473,0.1435050086746234,0.03687109592848887
0.3128054740957967,0.14362216622391993,0.03697920988398724
0.31378299120234604,0.14326436510282334,0.0370882382553508
0.3147605083088954,0.14290000011638668,0.03719786226262423
0.31573802541544477,0.14281429131837828,0.037308169400500475
0.31671554252199413,0.1428247600523791,0.0374189301352361
0.3176930596285435,0.14282565440200948,0.03753113970528084
0.31867057673509286,0.14294574597823814,0.037643767601394124
0.3196480938416422,0.1425360418541528,0.037757089818267246
0.3206256109481916,0.14216388694650967,0.037871532819594336
0.32160312805474095,0.14182524182134829,0.037986850733982176
0.3225806451612903,0.14152599258253235,0.03810198327725696
0.3235581622678397,0.14188477548348863,0.03821704291495805
0.32453567937438904,0.1418418063236786,0.038332434313332546
0.3255131964809384,0.14253633306010915,0.03844722553561474
0.32649071358748777,0.14219008745007802,0.03856141855815139
0.32746823069403713,0.14205599969449825,0.03867494075356096
0.3284457478005865,0.14173834459675747,0.038788718466714264
0.32942326490713586,0.142056783678329,0.03890189365979032
0.3304007820136852,0.1423508381693941,0.03901443570746441
0.3313782991202346,0.14213226236868717,0.03912748346642798
0.33235581622678395,0.14203395994250229,0.03924129592973796
0.3333333333333333,0.14223944549979836,0.03935472792914453
0.3343108504398827,0.14204521064936967,0.03946797525178548
0.33528836754643204,0.14175673840312125,0.03958169792031707
0.3362658846529814,0.14362554834303773,0.03969570059354926
0.33724340175953077,0.1451057332872636,0.03980954441949479
0.33822091886608013,0.14531069059246818,0.039924690069778716
0.3391984359726295,0.14489304059782468,0.04004009224849752
0.34017595307917886,0.16101128946307153,0.04015497016334381
0.3411534701857282,0.16057137613847547,0.040269667484485266
0.3421309872922776,0.16129740714701127,0.040384459115446476
0.34310850439882695,0.16140687637546833,0.04050159595699581
0.34408602150537637,0.16108073314458357,0.040618096862680496
0.34506353861192574,0.16093377776078122,0.040734555894878524
0.3460410557184751,0.1608089957241333,0.040852836500650455
0.34701857282502446,0.16067390850753158,0.0409707873280745
0.3479960899315738,0.1606851968007656,0.04108809243672854
0.3489736070381232,0.16076636059315114,0.04120583733602157
0.34995112414467255,0.16038944009721692,0.04132295564400883
0.3509286412512219,0.16014316677408177,0.04143945812672548
0.3519061583577713,0.16608879396365753,0.04155577223049599
0.35288367546432065,0.16568833027113875,0.0416722408348782
0.35386119257087,0.1663923964873464,0.04178855458920325
0.3548387096774194,0.16899878924366485,0.04190424192746347
0.35581622678396874,0.16868939908033234,0.04201940815356921
0.3567937438905181,0.16903195244855967,0.042134725234410184
0.35777126099706746,0.16866420898858966,0.04225028367368364
0.3587487781036168,0.16863148450833831,0.042365529196034896
0.3597262952101662,0.17018771109485697,0.04248189267208197
0.36070381231671556,0.1708355905615755,0.04259783790905891
0.3616813294232649,0.1710399500363018,0.04271391642191575
0.3626588465298143,0.17102853477927882,0.042830211411082966
0.36363636363636365,0.1709431391365485,0.04294622799421035
0.364613880742913,0.17139046097986538,0.04306171214699159
0.3655913978494624,0.17098245616646576,0.043176870957457654
0.36656891495601174,0.17078407764649647,0.043291855281077984
0.3675464320625611,0.17045246808979353,0.04340694815219276
0.36852394916911047,0.17024018412013286,0.04352155963234034
0.36950146627565983,0.16988189849926422,0.04363567369210654
0.3704789833822092,0.16977719906797148,0.04374961575131809
0.37145650048875856,0.16982569163825997,0.043863436295562115
0.3724340175953079,0.1718179229868805,0.04397763220538862
0.3734115347018573,0.17142915995419908,0.04409215460199179
0.37438905180840665,0.1712049242563189,0.04420616014605736
0.375366568914956,0.17103034405860704,0.04432058749403243
0.3763440860215054,0.17084459649499145,0.04443552553963247
0.37732160312805474,0.17059341111650647,0.04455063527647508
0.3782991202346041,0.17164712114195313,0.04466517765471548
0.37927663734115347,0.1712185819646127,0.044782437014426135
0.38025415444770283,0.1707952739365161,0.04489976085636264
0.3812316715542522,0.17041602837341577,0.04501734560112595
0.38220918866080156,0.1702022270582236,0.04513449305668597
0.3831867057673509,0.1749528573267266,0.04525238351360251
0.3841642228739003,0.1745206228232606,0.04536986824794162
0.38514173998044965,0.17411879551439735,0.04548759619894196
0.386119257086999,0.17392298785039467,0.04560641784785011
0.3870967741935484,0.17379308679848138,0.04572470839700636
0.38807429130009774,0.17370433728255372,0.04584571074798574
0.3890518084066471,0.17433276909810966,0.0459662487826913
0.39002932551319647,0.17402835000548617,0.04608642699786799
0.39100684261974583,0.1739633720652671,0.046206113340796585
0.3919843597262952,0.17370777154063544,0.046327233865055766
0.39296187683284456,0.17345773889365584,0.046448182879238555
0.3939393939393939,0.1730858127605278,0.046570062957117665
0.3949169110459433,0.1729119108688295,0.04669164276994683
0.39589442815249265,0.17255174100407963,0.046813154464822614
0.396871945259042,0.17252739618993004,0.04693412381091938
0.3978494623655914,0.17228592306375876,0.04705576551899224
0.39882697947214074,0.1728770738656656,0.04717717420933292
0.3998044965786901,0.1725748463634398,0.04729843972039408
0.40078201368523947,0.17743325854262745,0.04741954113510584
0.40175953079178883,0.17713819437174894,0.04754012202626101
0.4027370478983382,0.17840357005029583,0.047660827286709055
0.40371456500488756,0.17854615046522568,0.04778242976426863
0.4046920821114369,0.1793338430776175,0.047905183034320425
0.4056695992179863,0.17922491083948575,0.048029256065241846
0.4066471163245357,0.17900597177921893,0.04815294787781098
0.40762463343108507,0.17909805917139365,0.04827612433869539
0.40860215053763443,0.17898290247010454,0.04839902554469237
0.4095796676441838,0.17883942837313493,0.048523606369117935
0.41055718475073316,0.1785409673056322,0.04864790143838103
0.4115347018572825,0.17815159260135616,0.04877386391100852
0.4125122189638319,0.17780361633385253,0.048899911838279964
0.41348973607038125,0.17752375144064572,0.04902638037864535
0.4144672531769306,0.17770045537366574,0.04915319727468468
0.41544477028348,0.17738927712393548,0.049279494336425235
0.41642228739002934,0.17711398626655508,0.04940592722070927
0.4173998044965787,0.17709632422572227,0.04953257900623142
0.41837732160312807,0.17673746880240146,0.04965960223231548
0.41935483870967744,0.17653842470768252,0.0497866570717156
0.4203323558162268,0.17655069994363579,0.049915897872442425
0.42130987292277616,0.17617004630372055,0.050045041728083765
0.4222873900293255,0.17583831061803434,0.05017437896778115
0.4232649071358749,0.17593214415315173,0.05030369741900094
0.42424242424242425,0.17556377041075785,0.05043347325653018
0.4252199413489736,0.1758958124790822,0.05056421011572991
0.426197458455523,0.17571239710408457,0.050696214451440465
0.42717497556207235,0.17543978139930824,0.05082810972753275
0.4281524926686217,0.1763093011695002,0.050959431512322545
0.4291300097751711,0.17644837899523869,0.0510909805008271
0.43010752688172044,0.17619823156880854,0.051222332639226244
0.4310850439882698,0.17643412628580424,0.05135311610452131
0.43206256109481916,0.17621636657755968,0.05148372988405071
0.43304007820136853,0.17626677609411628,0.051613815981832005
0.4340175953079179,0.1766128468355304,0.05174352694282417
0.43499511241446726,0.17642711226774113,0.05187418884246162
0.4359726295210166,0.17664581916149305,0.05200543484609099
0.436950146627566,0.17628201497561258,0.05213662457586116
0.43792766373411535,0.1760412344290332,0.05226742539298281
0.4389051808406647,0.1757651638237486,0.052402347697752164
0.4398826979472141,0.17547779881435352,0.05253668255582498
0.44086021505376344,0.17527969085082123,0.05267122028045605
0.4418377321603128,0.17521730007494402,0.05280530128106826
0.44281524926686217,0.17511388737079317,0.052939453126875265
0.44379276637341153,0.17505314638014646,0.05307576369164661
0.4447702834799609,0.175777893577399,0.05321233576784006
0.44574780058651026,0.17559509588867153,0.05334964351011871
0.4467253176930596,0.17543655060891825,0.05348706127393892
0.447702834799609,0.1754654575566251,0.05362512782430227
0.44868035190615835,0.17583978970770778,0.053762634733980796
0.4496578690127077,0.1755277669066751,0.05389958756453173
0.4506353861192571,0.17571560488668958,0.054036452929265504
0.45161290322580644,0.17562391236269254,0.054173363633343824
0.4525904203323558,0.17550941096883665,0.05431018692373211
0.45356793743890517,0.1752847848044498,0.054447541623837976
0.45454545454545453,0.17681646570745035,0.05458432303359194
0.4555229716520039,0.17660795384845954,0.0547215865317378
0.45650048875855326,0.17626230061539946,0.05485893118668065
0.4574780058651026,0.17634011326758403,0.054995701111153227
0.458455522971652,0.17631333753743664,0.055132745567371036
0.45943304007820135,0.1759906835119846,0.05527253763235453
0.4604105571847507,0.17567563633460698,0.05541185957529037
0.4613880742913001,0.17572237976719232,0.05555129247179885
0.46236559139784944,0.1757369444105837,0.055692432525200425
0.4633431085043988,0.17543403289634418,0.05583333914707286
0.46432062561094817,0.17532521691742078,0.05597392110046306
0.46529814271749753,0.17529568402433265,0.05611630034795732
0.4662756598240469,0.17495178584230958,0.056258291986565644
0.46725317693059626,0.17511488952870466,0.05639977990796386
0.4682306940371456,0.17500925076430873,0.05654198062085549
0.46920821114369504,0.17739714074850796,0.056684705576476986
0.4701857282502444,0.17736332971118896,0.05682826104459528
0.47116324535679377,0.17708695854116804,0.05697342083898612
0.47214076246334313,0.17686398439579942,0.057119685007904486
0.4731182795698925,0.1765494526071363,0.05726624002147226
0.47409579667644186,0.1764715718820732,0.0574126363888886
0.4750733137829912,0.17656249389162232,0.05755864196235715
0.4760508308895406,0.17646959453318573,0.05770417361191668
0.47702834799608995,0.17687548579528115,0.057850284977994444
0.4780058651026393,0.1766827054364731,0.057997440705472386
0.4789833822091887,0.17662597736554642,0.05814460472675887
0.47996089931573804,0.17654567408616012,0.05829131794580048
0.4809384164222874,0.17629822154675429,0.05843747545818566
0.48191593352883677,0.17616951833922417,0.05858364748809772
0.48289345063538613,0.1766723981927732,0.05873016350134557
0.4838709677419355,0.1769253326168565,0.05887635572090491
0.48484848484848486,0.17679188515320632,0.059022412476171224
0.4858260019550342,0.17669425254367954,0.05916971398318632
0.4868035190615836,0.17661183489409252,0.05931867772779851
0.48778103616813295,0.176367879584706,0.059467895954807684
0.4887585532746823,0.17619865318742076,0.05961721409140396
0.4897360703812317,0.1771041407865934,0.05976656961841716
0.49071358748778104,0.17677360527110986,0.059915361789216005
0.4916911045943304,0.1764853661416008,0.060064649201955825
0.49266862170087977,0.1766593924769696,0.06021462065800221
0.49364613880742914,0.1763284742612856,0.060364763710173554
0.4946236559139785,0.17609047329745037,0.06051660620716308
0.49560117302052786,0.17585149486722584,0.06066992580598536
0.4965786901270772,0.1756934522676142,0.06082288670717131
0.4975562072336266,0.17562850923517517,0.06097561095524208
0.49853372434017595,0.175644695047978,0.061128163288568155
0.4995112414467253,0.17541588175189926,0.061280139787613146
0.5004887585532747,0.17514781918522274,0.061432446849909984
0.501466275659824,0.1749158809989061,0.06158453622115632
0.5024437927663734,0.17488108060496502,0.06173769644807559
0.5034213098729228,0.17470418106961663,0.06189126639432849
0.5043988269794721,0.1748891573350996,0.06204705816690244
0.5053763440860215,0.1746724247272765,0.062202635020982
0.5063538611925709,0.17456164629771312,0.062357914584177276
0.5073313782991202,0.17428482398311632,0.06251348920365474
0.5083088954056696,0.17409577737933085,0.06266849292380589
0.509286412512219,0.17414790251474777,0.06282500191052225
0.5102639296187683,0.17428151678161946,0.06298134020563824
0.5112414467253177,0.17412756099759308,0.06313748582632497
0.512218963831867,0.17414162371123426,0.06329371283943933
0.5131964809384164,0.17402022996409125,0.06345021044550554
0.5141739980449658,0.17432160541217612,0.06360675820562328
0.5151515151515151,0.17454222631808808,0.06376278485507572
0.5161290322580645,0.17443275391855903,0.06391892761318096
0.5171065493646139,0.17505914275429765,0.06407506120270193
0.5180840664711632,0.17480512309199756,0.06423114892580677
0.5190615835777126,0.1751233583363486,0.06438717135749888
0.520039100684262,0.17536389609317896,0.06454295981531473
0.5210166177908113,0.1750509057660361,0.0646981955808795
0.5219941348973607,0.17474432620057775,0.06485298704508809
0.52297165200391,0.1745730714254072,0.06500753749475557
0.5239491691104594,0.1752964093388209,0.06516181041828556
0.5249266862170088,0.17549222963075223,0.06531614070413205
0.5259042033235581,0.17525343353140233,0.06547051289306188
0.5268817204301075,0.17518701583338356,0.06562436767436805
0.5278592375366569,0.17543107829128465,0.06577821681856971
0.5288367546432062,0.1751485224264137,0.0659318355502958
0.5298142717497556,0.17521627166791623,0.06608648542356807
0.530791788856305,0.17526078189250233,0.06624259017515688
0.5317693059628543,0.17505397195545755,0.06639835297707782
0.5327468230694037,0.1751188852202831,0.0665544227755804
0.533724340175953,0.1750133974214971,0.06671154964145251
0.5347018572825024,0.17473008785681463,0.0668702935638522
0.5356793743890518,0.1745862444103508,0.06702894653249027
0.5366568914956011,0.174813970796705,0.06718717613070116
0.5376344086021505,0.1747892346343422,0.0673449045780577
0.5386119257086999,0.17454389518812025,0.06750341152290676
0.5395894428152492,0.17487235065534965,0.06766184844193263
0.5405669599217986,0.17498953289882604,0.06782193598148824
0.541544477028348,0.17501585487162835,0.06798228325360892
0.5425219941348973,0.1747444102336651,0.06814214665742223
0.5434995112414467,0.17492134208706703,0.06830201416075993
0.544477028347996,0.1747774535798528,0.06846391711750234
0.5454545454545454,0.1752230841940839,0.06862609609660364
0.5464320625610948,0.17517384401575248,0.06878839170757682
0.5474095796676441,0.17565470715355086,0.06895022569640666
0.5483870967741935,0.1758382751036113,0.06911234352561677
0.5493646138807429,0.17562040538048207,0.06927471168555846
0.5503421309872922,0.17598531082615465,0.06943657082129778
0.5513196480938416,0.17600910466690706,0.06959849920071523
0.552297165200391,0.17597004045011042,0.06976050899292294
0.5532746823069403,0.17569406025704465,0.06992207890900819
0.5542521994134897,0.17599111576957835,0.07008318204992259
0.555229716520039,0.1758284570066257,0.0702439653878562
0.5562072336265884,0.17598019585519886,0.07040492930676112
0.5571847507331378,0.1761190662578551,0.07056584189415363
0.5581622678396871,0.17596127773022596,0.07072714120162334
0.5591397849462365,0.17608598346428128,0.07088834590114927
0.5601173020527859,0.17717409477520255,0.07104957753281985
0.5610948191593352,0.17767242065453978,0.07121037444318858
0.5620723362658846,0.17751157694623856,0.07137136908907599
0.5630498533724341,0.1773210076438495,0.07153258315921866
0.5640273704789834,0.17757422473857853,0.07169403889186966
0.5650048875855328,0.1775469898086584,0.07185577240701264
0.5659824046920822,0.17749388888402906,0.07201744187226387
0.5669599217986315,0.17723063719930762,0.07217921804008162
0.5679374389051809,0.17720463800295855,0.07234208494479882
0.5689149560117303,0.17728878284615684,0.07250666135945359
0.5698924731182796,0.1772648689889327,0.0726712988446467
0.570869990224829,0.17706363746815562,0.07283698793268094
0.5718475073313783,0.1769023754899813,0.07300232063429418
0.5728250244379277,0.1769563205044133,0.07316711581210418
0.5738025415444771,0.1782875806496765,0.07333224815077839
0.5747800586510264,0.17812037259769609,0.07349739994896935
0.5757575757575758,0.17788099863629367,0.07366229557841651
0.5767350928641252,0.17806624634575732,0.07382885278434119
0.5777126099706745,0.17792904167749016,0.0739949594733467
0.5786901270772239,0.17810059097965278,0.07416069532240126
0.5796676441837733,0.17796786737069337,0.07432624400771916
0.5806451612903226,0.17792036602303873,0.07449125495045561
0.581622678396872,0.1781885611044513,0.07465644852161339
0.5826001955034213,0.17853888523964453,0.0748223298104979
0.5835777126099707,0.1785952937049962,0.07498883901075329
0.5845552297165201,0.1798978728869396,0.07515511578509104
0.5855327468230694,0.1803622544422142,0.07532166568489318
0.5865102639296188,0.18204675402719436,0.07549033385128504
0.5874877810361682,0.18219651622502955,0.07566362437846938
0.5884652981427175,0.18197308802066298,0.07583859414602924
0.5894428152492669,0.18212850222919538,0.07601352218999131
0.5904203323558163,0.18188379768033383,0.07618816275415619
0.5913978494623656,0.18188286612161453,0.0763627555035999
0.592375366568915,0.18172020881033152,0.07653703397348266
0.5933528836754643,0.18172399078263998,0.07671079329371178
0.5943304007820137,0.18182060517431198,0.07688410275870308
0.5953079178885631,0.18169958299912514,0.07705771089225416
0.5962854349951124,0.18149716889247747,0.0772319431742847
0.5972629521016618,0.18158913200889215,0.07740649527017722
0.5982404692082112,0.18160068120438627,0.07758069358836575
0.5992179863147605,0.18139151247717009,0.07776115636518342
0.6001955034213099,0.181235922648059,0.07794176887867872
0.6011730205278593,0.18105574205911185,0.07812182442954048
0.6021505376344086,0.18709412923246113,0.07830196339399548
0.603128054740958,0.1870702209905822,0.07848203320536748
0.6041055718475073,0.18691133476835717,0.07866179028081396
0.6050830889540567,0.18685328342692228,0.07884110995836095
0.6060606060606061,0.18668710837015298,0.07902399824760382
0.6070381231671554,0.18677582535027187,0.07921108217183913
0.6080156402737048,0.18702453026209284,0.07939759529730397
0.6089931573802542,0.18695841191892265,0.07958754865399352
0.6099706744868035,0.1867062811308766,0.07977779543885057
0.6109481915933529,0.18667229090952714,0.07996782741800781
0.6119257086999023,0.18654805057394377,0.0801585901914905
0.6129032258064516,0.1863340703795294,0.0803487647264252
0.613880742913001,0.1860545467158788,0.08053884807293638
0.6148582600195504,0.1857860489161027,0.08072976378340625
0.6158357771260997,0.18572665578821743,0.08092107046459379
0.6168132942326491,0.1856391338078951,0.08111292286695768
0.6177908113391984,0.18550805407766002,0.08130422063872907
0.6187683284457478,0.18525398380279756,0.08149642274045923
0.6197458455522972,0.1850984675416322,0.08168865959064998
0.6207233626588465,0.1852943132716831,0.08188087478515381
0.6217008797653959,0.18513305083888001,0.08207513616733236
0.6226783968719453,0.18575746900091417,0.08226892993068867
0.6236559139784946,0.18685142074822167,0.08246234958223364
0.624633431085044,0.1866607255784476,0.0826568371532221
0.6256109481915934,0.18706747754376368,0.08285227844268862
0.6265884652981427,0.18768960918026123,0.08304831881009025
0.6275659824046921,0.18795323372755068,0.08324581873245726
0.6285434995112414,0.18857332343288738,0.0834436194829284
0.6295210166177908,0.18905739395165927,0.08364303717211762
0.6304985337243402,0.18909411883607816,0.08384220228499877
0.6314760508308895,0.18922592266612778,0.0840409213821653
0.6324535679374389,0.18912081951939078,0.08423974317575976
0.6334310850439883,0.18893037464272083,0.08443805367147904
0.6344086021505376,0.1887071461037185,0.08463709613536075
0.635386119257087,0.1923929477934962,0.0848392251580572
0.6363636363636364,0.19232362933439026,0.08504142025201386
0.6373411534701857,0.19278833402856155,0.08524443404659067
0.6383186705767351,0.19363609336840756,0.08545021790177593
0.6392961876832844,0.19434550243141732,0.08565696018101318
0.6402737047898338,0.19410443110650005,0.08586364227145789
0.6412512218963832,0.19383780117117513,0.0860744054876937
0.6422287390029325,0.1951883878037858,0.08628765134957603
0.6432062561094819,0.19526607970307072,0.0865010294494411
0.6441837732160313,0.19531448240523927,0.08671447775138752
0.6451612903225806,0.19519741636698804,0.08692935866997228
0.64613880742913,0.19498780682621927,0.08714657689816976
0.6471163245356794,0.19473262214934967,0.08736798272533125
0.6480938416422287,0.19477229199440688,0.0875927819071387
0.6490713587487781,0.1946585830472426,0.08781731237057232
0.6500488758553274,0.19448683591231578,0.08804145700489562
0.6510263929618768,0.1942824979973155,0.08826555283734519
0.6520039100684262,0.1942398669946307,0.088489089439791
0.6529814271749755,0.1944267892754724,0.08871243905593182
0.6539589442815249,0.19429656090138117,0.08893809180965657
0.6549364613880743,0.19434490997624598,0.08916425218146189
0.6559139784946236,0.1966021827624589,0.08939022225673657
0.656891495601173,0.19666142034802614,0.08961649752370324
0.6578690127077224,0.19680069525038235,0.08984259537734407
0.6588465298142717,0.1967523717759623,0.09007115910797378
0.6598240469208211,0.19670227378715413,0.09030000282784682
0.6608015640273704,0.19644548473977577,0.09053078634072464
0.6617790811339198,0.19871657733127918,0.09076109329769597
0.6627565982404692,0.19971315562674546,0.09099110587454087
0.6637341153470185,0.1995631843379267,0.09122130005971811
0.6647116324535679,0.19986466525348978,0.09145164977834618
0.6656891495601173,0.19995653000624244,0.09168307513122138
0.6666666666666666,0.2008718920864586,0.091914122709537
0.667644183773216,0.20133103102447777,0.09214853547098079
0.6686217008797654,0.20116331822497974,0.09238256153804426
0.6695992179863147,0.2012583877014988,0.09261623111104146
0.6705767350928641,0.20099114813593638,0.09284990329300664
0.6715542521994134,0.20125878847049533,0.09308314392125083
0.6725317693059628,0.20115537135227637,0.09331856617700633
0.6735092864125122,0.20093663569993314,0.0935534250437585
0.6744868035190615,0.20121068286405694,0.09378942732650676
0.6754643206256109,0.20093660983847136,0.09402782653868443
0.6764418377321603,0.20112357197448008,0.09426777511580059
0.6774193548387096,0.20105873313731087,0.09450733551649794
0.678396871945259,0.20117975485598594,0.09474703755948069
0.6793743890518084,0.20152541031430765,0.09498786351363016
0.6803519061583577,0.20146356627803175,0.09522806466065764
0.6813294232649071,0.20179449553209114,0.09546794485752623
0.6823069403714564,0.20242563449729836,0.09570967364593591
0.6832844574780058,0.20313025350656733,0.09595257920417317
0.6842619745845552,0.20328614801776143,0.0961952185059771
0.6852394916911045,0.20372596572064344,0.09643749579830685
0.6862170087976539,0.20368293969639292,0.09667944510577439
0.6871945259042033,0.20557540972078756,0.09692392989221275
0.6881720430107527,0.20572227792844375,0.09716999239813125
0.6891495601173021,0.20620246993183586,0.0974163291865175
0.6901270772238515,0.20723443495609314,0.0976636910926643
0.6911045943304008,0.20703033737770563,0.09791185916852352
0.6920821114369502,0.2072520304847299,0.09816015490988311
0.6930596285434996,0.2071132912617563,0.09840812420744478
0.6940371456500489,0.20718569970074152,0.09865577388186829
0.6950146627565983,0.2069849831543839,0.09890345569266161
0.6959921798631477,0.20681748344167805,0.09915135579196262
0.696969696969697,0.20687343314287981,0.09939895256611933
0.6979472140762464,0.20668308292525248,0.09964987642395466
0.6989247311827957,0.20729846073022104,0.09990020712425328
0.6999022482893451,0.20791642688067286,0.10015102558994253
0.7008797653958945,0.20834071738470641,0.10040131895741082
0.7018572825024438,0.2080896746127352,0.1006517736688405
0.7028347996089932,0.20786751888837815,0.10090184339406597
0.7038123167155426,0.20800404078450926,0.10115194154367849
0.7047898338220919,0.20771932060626175,0.1014014805186504
0.7057673509286413,0.20747803757199973,0.10165168382275847
0.7067448680351907,0.20759399564559686,0.10190468287182884
0.70772238514174,0.20741351879875672,0.10215764298650565
0.7086999022482894,0.20740738725701213,0.10241284230268956
0.7096774193548387,0.20739057696491947,0.10266875995814272
0.7106549364613881,0.2073795830813302,0.10292697821079143
0.7116324535679375,0.2073721659841803,0.10318475546988069
0.7126099706744868,0.20741800687129494,0.10344282264314933
0.7135874877810362,0.20761477884069673,0.10370227779057888
0.7145650048875856,0.20831308051076755,0.10396196505960538
0.7155425219941349,0.20812572167037643,0.10422119923094925
0.7165200391006843,0.20902106112045443,0.10448090662496916
0.7174975562072337,0.20930924807595372,0.10474114108828358
0.718475073313783,0.21040751482910583,0.10500188611181654
0.7194525904203324,0.2109484326989722,0.1052653068640474
0.7204301075268817,0.21136980297069544,0.10552900119736457
0.7214076246334311,0.21116445008439155,0.10579505260240067
0.7223851417399805,0.21123838193876573,0.1060620274229253
0.7233626588465298,0.21118278925859696,0.10632853044795405
0.7243401759530792,0.21096085191031314,0.10659521599903032
0.7253176930596286,0.21352152431327395,0.1068615988364636
0.7262952101661779,0.21351657376772407,0.10712983798217869
0.7272727272727273,0.21350602819494,0.10739845479013271
0.7282502443792767,0.21355401677929908,0.10766684407210599
0.729227761485826,0.21348209226335266,0.1079366882863669
0.7302052785923754,0.21356499217517544,0.10820646582028604
0.7311827956989247,0.21339148691608786,0.10847849143967456
0.7321603128054741,0.21313651903283737,0.1087505580884099
0.7331378299120235,0.21294746090624922,0.1090219041001994
0.7341153470185728,0.21347169240940794,0.10929551819135119
0.7350928641251222,0.2134144714161601,0.10957440266923354
0.7360703812316716,0.21326848438856716,0.10985266236103655
0.7370478983382209,0.2133212930497186,0.11013137510343815
0.7380254154447703,0.21364013649008634,0.11041066913743153
0.7390029325513197,0.21340707576027917,0.11069188435720671
0.739980449657869,0.21406068831967395,0.1109729086464343
0.7409579667644184,0.21456784243073887,0.11125807599519486
0.7419354838709677,0.21486444661015694,0.11154617100084281
0.7429130009775171,0.21458847326526526,0.11183402394420552
0.7438905180840665,0.21450189564670807,0.11212122134539097
0.7448680351906158,0.21433663296875968,0.11241048971062896
0.7458455522971652,0.21486121278087697,0.11270009098788086
0.7468230694037146,0.21533978867819825,0.11299127230181237
0.7478005865102639,0.2154255830866125,0.11328203279635136
0.7487781036168133,0.2154909552481884,0.11357356674436858
0.7497556207233627,0.2165771388856222,0.11386551312340265
0.750733137829912,0.21656262583219132,0.11415708691711406
0.7517106549364614,0.21632847566536487,0.11445255345912794
0.7526881720430108,0.21627192106033105,0.11474738167606792
0.7536656891495601,0.21625162651934293,0.11504445126902037
0.7546432062561095,0.2160723157608876,0.11534118712989425
0.7556207233626588,0.2163187838646577,0.11563808608513215
0.7565982404692082,0.21719249063699886,0.11593737010169344
0.7575757575757576,0.21691883891321667,0.11623822361728331
0.7585532746823069,0.21696433314830585,0.11653876863471639
0.7595307917888563,0.21701981308235316,0.11684059974913066
0.7605083088954057,0.21694228950817274,0.11714172098622308
0.761485826001955,0.21734718165343614,0.11744583773590801
0.7624633431085044,0.2171442823926681,0.117751485781245
0.7634408602150538,0.21811087322908213,0.1180577406887467
0.7644183773216031,0.2186724705075811,0.11836985200675526
0.7653958944281525,0.21882157725102497,0.11868327984323598
0.7663734115347018,0.21892929751721527,0.11899616986531204
0.7673509286412512,0.21918511905967736,0.11930878195220758
0.7683284457478006,0.2196357334491799,0.11962218268710428
0.7693059628543499,0.21935775732878293,0.11994380757029015
0.7702834799608993,0.21937598001552192,0.12026487783036877
0.7712609970674487,0.21964651212492708,0.12058535226854962
0.772238514173998,0.21939995456843986,0.12090681958268533
0.7732160312805474,0.22061811227211753,0.12123065490462359
0.7741935483870968,0.22065775864396542,0.12155872500107501
0.7751710654936461,0.2205591741964018,0.12189075694682136
0.7761485826001955,0.2207012612115875,0.12222219760224694
0.7771260997067448,0.22051990992349155,0.12255522848033168
0.7781036168132942,0.22059282283446777,0.12289125103116715
0.7790811339198436,0.22033025954382432,0.12322674643719685
0.7800586510263929,0.22019970729073177,0.12356154071026149
0.7810361681329423,0.22008062124821415,0.12390236239737273
0.7820136852394917,0.22011119630918174,0.12424235718690341
0.782991202346041,0.2208192989421923,0.12458904842334077
0.7839687194525904,0.22134270530250277,0.12493815211224038
0.7849462365591398,0.22134056157420898,0.12528890430135986
0.7859237536656891,0.22148985298733284,0.1256403308605949
0.7869012707722385,0.2221868189757389,0.12599264751084754
0.7878787878787878,0.22222759668902087,0.12634514924574097
0.7888563049853372,0.22212420208878733,0.12670094887522798
0.7898338220918866,0.22235685659837418,0.12705736135078588
0.7908113391984359,0.22414888672251262,0.12741316495206367
0.7917888563049853,0.22434753579736721,0.12777407364761662
0.7927663734115347,0.224278211534083,0.12813508007524832
0.793743890518084,0.22471295368922578,0.1284952096570994
0.7947214076246334,0.22499558106714537,0.12885695039778602
0.7956989247311828,0.22594823020906502,0.12921870685331566
0.7966764418377321,0.22637692397297915,0.12957971376063773
0.7976539589442815,0.2261996583004983,0.12994030259165879
0.7986314760508308,0.22600595685460154,0.13030045193820894
0.7996089931573802,0.22702646743849528,0.13066022175979114
0.8005865102639296,0.2270002101686379,0.13102276347991146
0.8015640273704789,0.22682824452249867,0.1313899567639084
0.8025415444770283,0.22698320240857453,0.13175711371588442
0.8035190615835777,0.2269133403842045,0.1321249368768988
0.804496578690127,0.22687857513757095,0.13249864948653692
0.8054740957966764,0.22708367161035564,0.1328731946334565
0.8064516129032258,0.2268911126095171,0.13324717900164576
0.8074291300097751,0.2268275911052256,0.1336225725755665
0.8084066471163245,0.22788027281638068,0.1339984306512706
0.8093841642228738,0.22769755673087824,0.1343764301110888
0.8103616813294232,0.227599626742626,0.13476204128167535
0.8113391984359726,0.22748739144911082,0.13514725449933343
0.8123167155425219,0.22779298370060283,0.13553522985989644
0.8132942326490714,0.22754359476265262,0.13592288273806538
0.8142717497556208,0.22740048654577522,0.13631102096416864
0.8152492668621701,0.22726550328796621,0.13670298994324612
0.8162267839687195,0.2273890071717487,0.137094990026835
0.8172043010752689,0.22717281635614353,0.13749435555368233
0.8181818181818182,0.22770444703103349,0.13789701736083987
0.8191593352883676,0.22762756114060073,0.1383004093438204
0.820136852394917,0.2277225801021259,0.1387029359965776
0.8211143695014663,0.22786750697955832,0.1391106910402266
0.8220918866080157,0.22797588883280362,0.13951773487066507
0.823069403714565,0.22908218166625452,0.13992981698981002
0.8240469208211144,0.22900070980793963,0.14035134378027006
0.8250244379276638,0.23068454137813602,0.14077191219988358
0.8260019550342131,0.2305858420662818,0.1411935196216695
0.8269794721407625,0.23068238370323718,0.1416180127870363
0.8279569892473119,0.23085034685413328,0.14204241132349665
0.8289345063538612,0.23088047026602707,0.14246706063294548
0.8299120234604106,0.23094370881259318,0.1428936611410285
0.83088954056696,0.23085431690907857,0.1433194487410156
0.8318670576735093,0.23120465571241883,0.14374538646050242
0.8328445747800587,0.23105523536506883,0.14417056210663412
0.833822091886608,0.23180773425614723,0.14459829882726777
0.8347996089931574,0.23233154650934415,0.14502593936087615
0.8357771260997068,0.23221314155691594,0.14545467903149273
0.8367546432062561,0.23199474811776108,0.145883041226868
0.8377321603128055,0.23208773164285462,0.14631312377707414
0.8387096774193549,0.23187904565834214,0.14674636484528591
0.8396871945259042,0.23214176478927212,0.14718263022143688
0.8406647116324536,0.23261264683915717,0.14761916828197252
0.841642228739003,0.23293368904353343,0.14806211075615333
0.8426197458455523,0.233742845578836,0.14850792416672431
0.8435972629521017,0.2350669042526642,0.1489652309021067
0.844574780058651,0.2361243527179913,0.14942274526485874
0.8455522971652004,0.2364259779560156,0.1498811407163355
0.8465298142717498,0.23629597834170624,0.15034187591658038
0.8475073313782991,0.2363681624033118,0.1508100968679377
0.8484848484848485,0.23640787353903428,0.15128414306165566
0.8494623655913979,0.23633216934128318,0.151769855243643
0.8504398826979472,0.236629806964279,0.1522567101776148
0.8514173998044966,0.23654063357793195,0.15274469195870824
0.852394916911046,0.23643835858239334,0.15323280491628355
0.8533724340175953,0.23719367124844506,0.15372222117449436
0.8543499511241447,0.2370881870029643,0.15421325687115356
0.855327468230694,0.2371241459320717,0.15470547042144397
0.8563049853372434,0.23747350608146628,0.15519764894440888
0.8572825024437928,0.2372557515624495,0.15568963670417474
0.8582600195503421,0.23706462875605233,0.1561846610511023
0.8592375366568915,0.23726694712468543,0.15668288551387616
0.8602150537634409,0.2387313717405322,0.15718493167182276
0.8611925708699902,0.23967979196665137,0.15768607612965369
0.8621700879765396,0.23958213287734006,0.1581899879045859
0.863147605083089,0.24005954896460133,0.15869786483762538
0.8641251221896383,0.23984322008689868,0.15920671687632804
0.8651026392961877,0.23987281147711587,0.15972071950407926
0.8660801564027371,0.24086454338111776,0.16023411714528712
0.8670576735092864,0.24146372689387363,0.16075868699606352
0.8680351906158358,0.24133459576216992,0.16128483067264238
0.8690127077223851,0.24195500697560737,0.1618118982876033
0.8699902248289345,0.24178519460903378,0.16234308518770904
0.8709677419354839,0.24192420309946247,0.1628749249003822
0.8719452590420332,0.24168834337208694,0.1634065677286221
0.8729227761485826,0.24195066269540882,0.16394092901886018
0.873900293255132,0.24205492662397274,0.16447603926967436
0.8748778103616813,0.2421745287670564,0.16501481264867782
0.8758553274682307,0.24244131743211744,0.16555459337544057
0.8768328445747801,0.2421800826412644,0.1660944012138779
0.8778103616813294,0.24223726926577185,0.16663804815473213
0.8787878787878788,0.24261842927034302,0.16718381222243014
0.8797653958944281,0.24282016692529057,0.1677287075650461
0.8807429130009775,0.24372011336142857,0.16827633445779192
0.8817204301075269,0.24366634632467638,0.16882379373293033
0.8826979472140762,0.24381406970553038,0.1693811845385849
0.8836754643206256,0.2440653423833685,0.16994508079295187
0.884652981427175,0.24459331037417653,0.17052520150144176
0.8856304985337243,0.24462544275130338,0.1711079253120727
0.8866080156402737,0.24475749480789324,0.1716958225559395
0.8875855327468231,0.24497375731421525,0.17228667713817097
0.8885630498533724,0.24525667400114803,0.17288710246548045
0.8895405669599218,0.24536611071051906,0.17348733158827281
0.8905180840664711,0.2451246010514002,0.17408656178812426
0.8914956011730205,0.24530301251727182,0.17468720851211167
0.8924731182795699,0.24520280343497197,0.17530213523761481
0.8934506353861192,0.24581137077861787,0.17592141393904762
0.8944281524926686,0.2456062947295925,0.17653999104822132
0.895405669599218,0.24576435835580776,0.17716208186907262
0.8963831867057673,0.2461442488743176,0.1778111312009445
0.8973607038123167,0.24605124225987143,0.17846988538662342
0.8983382209188661,0.2465039444996677,0.17912946914325864
0.8993157380254154,0.24711663899579572,0.17979052559565797
0.9002932551319648,0.24970920545144565,0.1804562038138039
0.9012707722385142,0.24978652558736428,0.1811242797683497
0.9022482893450635,0.2540784176514011,0.1817943225471729
0.9032258064516129,0.2541677235164727,0.18246492756122068
0.9042033235581622,0.2545311324784079,0.183142630779339
0.9051808406647116,0.255554458835491,0.18381978007756594
0.906158357771261,0.25713066289496544,0.18451062548062538
0.9071358748778103,0.257181106710591,0.18524327517146258
0.9081133919843597,0.25792836088922755,0.18598352653237052
0.9090909090909091,0.25891642261765135,0.18672375570992433
0.9100684261974584,0.25882299042050455,0.18747238613750025
0.9110459433040078,0.2586532215369836,0.18822350632909057
0.9120234604105572,0.25849291198191343,0.1889784305727429
0.9130009775171065,0.25880066562089665,0.1897352270239986
0.9139784946236559,0.2588399087621553,0.1905257410437191
0.9149560117302052,0.26060555323825396,0.19131623343840998
0.9159335288367546,0.2611773960137788,0.19210862826784794
0.916911045943304,0.26124770770140476,0.19290037789342326
0.9178885630498533,0.26173560795268436,0.19370813067379655
0.9188660801564027,0.26167816503189617,0.1945170963160689
0.9198435972629521,0.26184994881528306,0.19532795768502859
0.9208211143695014,0.2639194962507743,0.19613801932843505
0.9217986314760508,0.2646514329826503,0.19694688383635173
0.9227761485826002,0.2651508650545929,0.19775942453129036
0.9237536656891495,0.26488553274029514,0.1985787814636721
0.9247311827956989,0.2646645697565427,0.1994003004829713
0.9257086999022482,0.2654385286712615,0.20024317626070337
0.9266862170087976,0.26557614435201116,0.2010872783770842
0.927663734115347,0.2691358547401855,0.201946549223518
0.9286412512218963,0.269867275208731,0.20281171244620588
0.9296187683284457,0.2700061550850344,0.20369720452177606
0.9305962854349951,0.2702990875105001,0.20458470095101777
0.9315738025415444,0.27067183513618054,0.20547566339061335
0.9325513196480938,0.2710532779079263,0.2063722126055914
0.9335288367546432,0.2750371285552183,0.20726937237538853
0.9345063538611925,0.27540630966739704,0.20817629729021714
0.9354838709677419,0.275659839082899,0.20908851977872936
0.9364613880742912,0.2756193522928287,0.21001577118421133
0.9374389051808406,0.2758768976629948,0.21095685272315476
0.9384164222873901,0.27611148794998014,0.21190225941659188
0.9393939393939394,0.2761895331469178,0.21285740401354447
0.9403714565004888,0.2766499344681856,0.21383021583712217
0.9413489736070382,0.2768569649318812,0.21481219323978193
0.9423264907135875,0.2829238570670056,0.21581013263302215
0.9433040078201369,0.2826791065726752,0.21681236327089207
0.9442815249266863,0.28381734871534614,0.21782090327312748
0.9452590420332356,0.28562055275404324,0.21883880444775433
0.946236559139785,0.3012532945669283,0.21986536163652096
0.9472140762463344,0.30097944343094846,0.2208929692689778
0.9481915933528837,0.3011048155839427,0.22193080918585528
0.9491691104594331,0.3014112917769776,0.22296713124097495
0.9501466275659824,0.3012475762721068,0.22409699678823727
0.9511241446725318,0.303885582642817,0.22523411110521446
0.9521016617790812,0.3038606604533117,0.22637613138851115
0.9530791788856305,0.304549763133586,0.22755564867025888
0.9540566959921799,0.30426902703087705,0.22873870744866315
0.9550342130987293,0.3043282488981653,0.22992448936017063
0.9560117302052786,0.3040748956114881,0.23116383345908598
0.956989247311828,0.30610558348786127,0.2324431272204056
0.9579667644183774,0.3065502915341318,0.23376304301821113
0.9589442815249267,0.3091397633111422,0.23508855405167453
0.9599217986314761,0.3108192376751204,0.23644844073005786
0.9608993157380255,0.31165237804074897,0.23786191299611617
0.9618768328445748,0.3125832167710329,0.23929716974617468
0.9628543499511242,0.3133452234471657,0.24075180127640838
0.9638318670576735,0.31948301698699316,0.24221425091647225
0.9648093841642229,0.32104409936035205,0.24370033065163804
0.9657869012707723,0.32119944165669234,0.24519121657402337
0.9667644183773216,0.32124249970149965,0.2466965592965851
0.967741935483871,0.32162945750533584,0.24829878476091866
0.9687194525904204,0.3214405884658344,0.249925396804038
0.9696969696969697,0.3280551792371868,0.25157646538650896
0.9706744868035191,0.32795051572548994,0.2532480733150125
0.9716520039100685,0.32951976614288403,0.2549635013989388
0.9726295210166178,0.32969712822411196,0.25674496084892523
0.9736070381231672,0.33754318706985487,0.2585277965230844
0.9745845552297165,0.33801640393770926,0.26038582257963816
0.9755620723362659,0.3398646169633091,0.26229377650473906
0.9765395894428153,0.3410094896448183,0.26421593789310904
0.9775171065493646,0.3419989893823805,0.26616308558826396
0.978494623655914,0.34299355769172496,0.26815437383198326
0.9794721407624634,0.3440357274295491,0.270174297936523
0.9804496578690127,0.3459454052861011,0.27219861962853176
0.9814271749755621,0.34624691219699955,0.2745016869839409
0.9824046920821115,0.3462732744393452,0.2768503125139562
0.9833822091886608,0.34607131406921954,0.27940495644265134
0.9843597262952102,0.3463374786455522,0.2819755848622447
0.9853372434017595,0.3471998592793237,0.2846012606947992
0.9863147605083089,0.3505455013916898,0.2879304381398286
0.9872922776148583,0.35663904896768994,0.29133145033043945
0.9882697947214076,0.3632574506444889,0.2949015500243186
0.989247311827957,0.3645051129247467,0.298637448340571
0.9902248289345064,0.3670363584441469,0.3024998031800111
0.9912023460410557,0.3678856317836567,0.3078760791588313
0.9921798631476051,0.3675743583771744,0.31360757167512
0.9931573802541545,0.36863186690052296,0.3195638729369723
0.9941348973607038,0.3683036201940953,0.3256459424357086
0.9951124144672532,0.36974231975086613,0.331938696264844
0.9960899315738025,0.36947337567588007,0.3383677207372509
0.9970674486803519,0.3702999176244075,0.3449456378190884
0.9980449657869013,0.3702535997572802,0.35258464477380425
0.9990224828934506,0.3764780769987071,0.36233011478996696
1.0,0.37704740170378553,0.377047401703786
