split,metric,term,definition,repeat_effects,mean,std,ci_low,ci_high,n_paired_repeats
validation,mae,G,mean(metric | contrast=+1) - mean(metric | contrast=-1),"[-0.015833262588333008, -0.014937360854800297, -0.01827281749354337, -0.020758546901130548, -0.019025862614265143]",-0.017765570090414472,0.002373611548155716,-0.01956832730486695,-0.015934241553399807,5
validation,mae,E,mean(metric | contrast=+1) - mean(metric | contrast=-1),"[-0.01113023614481734, 0.004335089284169424, 0.008937476253521037, -0.004952477964202673, -0.010146603401961773]",-0.002591350394658265,0.008894643778231213,-0.00950123141155218,0.00431853062223565,5
validation,mae,P,mean(metric | contrast=+1) - mean(metric | contrast=-1),"[-0.01688969327654477, -0.021256085749071285, -0.03464893208407538, -0.022648540435271314, -0.016948243162053456]",-0.02247829894140324,0.007270851541381902,-0.028708715969910183,-0.017786391725253547,5
validation,mae,G:E,mean(metric | contrast=+1) - mean(metric | contrast=-1),"[0.0012350059879867037, -0.0061665965702918935, 0.003125185169353728, 0.004265288997773231, 0.010691345251965356]",0.002630045767357425,0.006066934671502596,-0.0024498838744336448,0.0072868453826473,5
validation,mae,G:P,mean(metric | contrast=+1) - mean(metric | contrast=-1),"[-0.0042396923918969764, -0.01075392774428624, -0.01402811163528861, -0.005040954828987698, -0.001702958236789287]",-0.007153128967449763,0.005071609502383254,-0.011408764522486714,-0.003385251217272045,5
validation,mae,E:P,mean(metric | contrast=+1) - mean(metric | contrast=-1),"[0.004970290403769395, -0.002530967630773151, 0.007965835245452468, 0.013579521227514935, 0.00022871072591812425]",0.004842677994376354,0.006359287884309652,7.315531881186832e-05,0.00978662193078308,5
validation,mae,G:E:P,mean(metric | contrast=+1) - mean(metric | contrast=-1),"[0.000685000599866814, -0.0013037650675910561, -0.016266992571362215, -0.021316696951209524, 0.00041733599594134807]",-0.007557023598870926,0.010438112692960775,-0.015959949485809886,0.00018018162480505363,5
validation,rmse,G,mean(metric | contrast=+1) - mean(metric | contrast=-1),"[-0.05338654317547764, -0.06075941426458753, -0.043860407463429785, -0.0715594927797032, -0.0584889583244933]",-0.05761096320153829,0.010150967990648735,-0.06576488715583495,-0.049576088890658496,5
validation,rmse,E,mean(metric | contrast=+1) - mean(metric | contrast=-1),"[-0.036783081026001696, 0.04211589811211891, 0.015379052954515027, -0.021380664599214727, -0.06167267926462594]",-0.012468294764641685,0.0413721509835576,-0.043658437036094,0.020988733252974012,5
validation,rmse,P,mean(metric | contrast=+1) - mean(metric | contrast=-1),"[-0.031193484427152862, -0.06872930280260281, -0.0497158032347047, -0.020072750428851927, -0.01885198947356581]",-0.037712666073375624,0.021304333660029696,-0.05519529241427301,-0.02180859284639767,5
validation,rmse,G:E,mean(metric | contrast=+1) - mean(metric | contrast=-1),"[0.020396341628689196, -0.014181358756724105, 0.0039007596887092877, 0.019250277547906314, 0.057310115991746735]",0.017335227220065485,0.026385647997408404,-0.0008087042348719376,0.039245489858527736,5
validation,rmse,G:P,mean(metric | contrast=+1) - mean(metric | contrast=-1),"[0.00990081658164832, 0.006674509870862377, -0.01337078669087044, -0.0013805139234850383, 0.03092088466146814]",0.006548982099924672,0.016316512203497432,-0.005352668066177313,0.01961132998635635,5
validation,rmse,E:P,mean(metric | contrast=+1) - mean(metric | contrast=-1),"[0.017649650930444905, -0.004015302424399292, 0.018540368545311936, 0.07159324831627756, -0.0002617912673863465]",0.020701234820049753,0.030225544747330822,0.0012465340009455428,0.046611664445351655,5
validation,rmse,G:E:P,mean(metric | contrast=+1) - mean(metric | contrast=-1),"[-0.007589399439184907, 0.0004989164114176381, -0.020568751532616725, -0.07196580438822464, -0.007395280249944736]",-0.021404063839710673,0.029257558288376482,-0.047193449657174605,-0.004276425423247821,5
validation,bias,G,mean(metric | contrast=+1) - mean(metric | contrast=-1),"[0.0008205357946295053, 0.01878456818031005, 0.003430006467899465, 0.035545035642653766, 0.007545100674470576]",0.013225049351992674,0.014240493989790446,0.003209237039905703,0.025488755165247533,5
validation,bias,E,mean(metric | contrast=+1) - mean(metric | contrast=-1),"[0.009565598227506508, 0.013889366020895032, -0.011118586428478041, -0.01977821111445791, 0.004497898884715398]",-0.0005887868819638021,0.014297845129453358,-0.01217752430886905,0.010281565476303696,5
validation,bias,P,mean(metric | contrast=+1) - mean(metric | contrast=-1),"[-0.024368009746891173, -0.004512123486533792, -0.02174467137065186, -0.015770698013604267, 0.0003102888916336616]",-0.013217042745209486,0.01075116262072455,-0.021599212049738067,-0.004834873440680906,5
validation,bias,G:E,mean(metric | contrast=+1) - mean(metric | contrast=-1),"[-0.0002634327005733503, -0.01003399097639521, -0.004731368616135854, -0.010393576262748398, 0.0015399663648959921]",-0.004776480438191364,0.005464895189670184,-0.009117300618884614,-0.000435660257498114,5
validation,bias,G:P,mean(metric | contrast=+1) - mean(metric | contrast=-1),"[0.0028493995185934207, 0.00574581750801631, 0.006567711087122355, -0.001792379846311594, -0.022887638811962478]",-0.0019034181089083973,0.01217795096464929,-0.012777517039015335,0.00549529134177415,5
validation,bias,E:P,mean(metric | contrast=+1) - mean(metric | contrast=-1),"[-0.01253813120250366, -0.007475186204956935, -0.008978013160643977, -0.005337400970626953, 0.005055143058649944]",-0.005854717696016316,0.006639683485059812,-0.010385961547756383,-0.00025755403793021605,5
validation,bias,G:E:P,mean(metric | contrast=+1) - mean(metric | contrast=-1),"[0.004224512441750837, 0.010420737288702724, -0.0017727355959364123, 0.010787804416014488, -0.014503730019944525]",0.0018313177061174226,0.010482689879149494,-0.006972637673413451,0.009328319170237052,5
validation,spearman,G,mean(metric | contrast=+1) - mean(metric | contrast=-1),"[0.004667940166310003, 0.0027834031009934534, 0.004481542833465801, 0.006987674140522371, 0.00208278025724562]",0.00420066809970745,0.001907794896055202,0.002739936807808063,0.005682873137774114,5
validation,spearman,E,mean(metric | contrast=+1) - mean(metric | contrast=-1),"[0.0027852776414465374, -0.0006265405553792514, -0.002197256503532641, 0.0010739964529645762, 0.0026169090597361055]",0.0007304772190470654,0.00213962364213716,-0.0009202802012482136,0.0023756739710659724,5
validation,spearman,P,mean(metric | contrast=+1) - mean(metric | contrast=-1),"[0.0017520152054627536, 0.0014016166610189007, 0.004998072876860493, 0.0020665867008882177, -0.0007727547107159172]",0.0018891073467028896,0.0020639232438134977,0.00030006755484064397,0.0036924843984977194,5
validation,spearman,G:E,mean(metric | contrast=+1) - mean(metric | contrast=-1),"[-0.0008133004305298508, -0.001110155129829371, 0.0011811094369025277, -0.0013929549913392902, -0.0034005456604582207]",-0.001107169355050841,0.001632776469504209,-0.0024815784806487607,0.0002646036102097682,5
validation,spearman,G:P,mean(metric | contrast=+1) - mean(metric | contrast=-1),"[-0.0010377281702864671, 0.00034726494233716654, 0.0023776283270346976, 0.0012613942901588127, -0.003925675544612095]",-0.00019542323107357706,0.002432163748480707,-0.0021929071200167184,0.0015250620353448375,5
validation,spearman,E:P,mean(metric | contrast=+1) - mean(metric | contrast=-1),"[-0.0031212784786327497, -6.931584068037289e-05, -0.0009323267232839161, -0.006130714060909925, 0.0004774597864559693]",-0.001955235063410199,0.0027071811503976027,-0.0043165473004085795,-2.3207766346544644e-05,5
validation,spearman,G:E:P,mean(metric | contrast=+1) - mean(metric | contrast=-1),"[0.0017185432762336639, 0.0013855074168257486, 0.0024396877007737405, 0.0038896517672102338, -0.0019793348524550503]",0.0014908110617176673,0.0021656215673150235,-0.0004225618879531323,0.0030196733273483377,5
validation,r2,G,mean(metric | contrast=+1) - mean(metric | contrast=-1),"[0.009622175545793699, 0.011533498337646941, 0.007508494126906795, 0.010462716010871453, 0.011206430918099697]",0.010066662987863717,0.001608518874813817,0.008690182880492659,0.011188514904472946,5
validation,r2,E,mean(metric | contrast=+1) - mean(metric | contrast=-1),"[0.006707883654238023, -0.008036124604088202, -0.0025561967299536636, 0.003220263078622887, 0.011737679632624065]",0.002214701006288622,0.007741573777515002,-0.003991337377596049,0.008022277930469413,5
validation,r2,P,mean(metric | contrast=+1) - mean(metric | contrast=-1),"[0.005677898586774033, 0.012983612217129292, 0.008466742459960819, 0.0030470706460737906, 0.0037037656263220198]",0.0067758179072519905,0.004060247043761263,0.0038359142263131307,0.010224268947534143,5
validation,r2,G:E,mean(metric | contrast=+1) - mean(metric | contrast=-1),"[-0.003844419824178713, 0.00293404868326963, -0.0006821204669346104, -0.0029376508576683946, -0.010950249429300118]",-0.0030960783789624412,0.005110350826357217,-0.007475457715802736,0.0005853688668944201,5
validation,r2,G:P,mean(metric | contrast=+1) - mean(metric | contrast=-1),"[-0.001967108104028892, -0.0016891093921352907, 0.0020878733433424834, -0.0001940562502619203, -0.005859249921437826]",-0.001524330064904289,0.0029082802764544215,-0.0038921830813421375,0.0005770802491513738,5
validation,r2,E:P,mean(metric | contrast=+1) - mean(metric | contrast=-1),"[-0.003300334278746986, 0.001063125288036093, -0.003199247547355455, -0.01046886570219796, -0.00029894670920083133]",-0.003240853789893028,0.004456132807353056,-0.00700117561890834,-8.198102476790759e-05,5
validation,r2,G:E:P,mean(metric | contrast=+1) - mean(metric | contrast=-1),"[0.0015233191623542641, -0.00024682729629843525, 0.0036719761085962643, 0.010514355267769449, 0.001669730441894668]",0.003426510736863242,0.004198202616089443,0.0008445428348012651,0.006993642923121235,5
test,mae,G,mean(metric | contrast=+1) - mean(metric | contrast=-1),"[-0.020344291036203777, -0.007412013694287067, -0.013611782387942362, -0.012922225611508353, -0.01527685646690563]",-0.013913433839369438,0.0046517952663290155,-0.01765128757689921,-0.01022493598754184,5
test,mae,E,mean(metric | contrast=+1) - mean(metric | contrast=-1),"[-0.013000977724491936, 0.005867305255421229, -0.0009222533028091506, -0.0012219283918241675, -0.006090988536599284]",-0.0030737685400606617,0.0069938227934722525,-0.008854984211756345,0.002093648659438596,5
test,mae,P,mean(metric | contrast=+1) - mean(metric | contrast=-1),"[-0.014628533631716178, -0.007455370885084189, -0.023453483268580322, -0.022278955815776935, -0.016399960432798788]",-0.016843260806791282,0.006451275650767442,-0.02157296772030266,-0.011854720420549136,5
test,mae,G:E,mean(metric | contrast=+1) - mean(metric | contrast=-1),"[0.00993079078435638, -0.019411462199813156, -0.0030052176754528093, -0.010420718021373954, 0.005160200452834496]",-0.0035492813318898087,0.011797127262009599,-0.012698980833595785,0.005435352959785788,5
test,mae,G:P,mean(metric | contrast=+1) - mean(metric | contrast=-1),"[0.0028923158329035026, -0.015384668938611679, -0.024972764825910876, 0.0015343378647572625, -0.003366624520871331]",-0.007859480917546624,0.011974177050632343,-0.01775372511031741,0.0010973365748900398,5
test,mae,E:P,mean(metric | contrast=+1) - mean(metric | contrast=-1),"[-0.0005449295919734976, 0.010735374911782003, 0.007048667373248496, 0.0009118868789124712, 0.0037212387015924664]",0.004374447654712388,0.004588821423592703,0.0008910306550940827,0.008033335797501396,5
test,mae,G:E:P,mean(metric | contrast=+1) - mean(metric | contrast=-1),"[-0.008664186394801654, -0.01952278554505099, -0.005058366380848556, 0.004640180056319387, 0.012971778780327514]",-0.0031266758968108597,0.012477100590954077,-0.012518472594727048,0.006472865915251813,5
test,rmse,G,mean(metric | contrast=+1) - mean(metric | contrast=-1),"[-0.044482090802140606, -0.015960084376516748, -0.051465248772266214, -0.05868407081182503, -0.04808572820595791]",-0.043735444593741304,0.01638722354236784,-0.05435277758808974,-0.028810341908293215,5
test,rmse,E,mean(metric | contrast=+1) - mean(metric | contrast=-1),"[-0.026613525623515044, 0.018596646035371034, 0.024197669036469693, 0.014677632132413687, -0.048631372487520474]",-0.0035545901813562207,0.032237051256761816,-0.030782199410141087,0.02005325245521903,5
test,rmse,P,mean(metric | contrast=+1) - mean(metric | contrast=-1),"[0.02564715663475281, -0.004945596564420396, -0.042915116189440106, -0.040743375757140377, -0.05270299188197625]",-0.023131984751644862,0.03273426032090168,-0.04639591837999461,0.005816151430079586,5
test,rmse,G:E,mean(metric | contrast=+1) - mean(metric | contrast=-1),"[0.036121892653337984, -0.05604399358687939, -0.028811872269699057, -0.045410448691173055, 0.009348328555086716]",-0.016959218667865362,0.038688722315734496,-0.04634415136516079,0.014460711564785522,5
test,rmse,G:P,mean(metric | contrast=+1) - mean(metric | contrast=-1),"[0.018055712545451907, -0.018771293991930338, -0.03922129495633264, 0.01994769002060881, -0.0074558798007504645]",-0.005489013236590545,0.02509748175072211,-0.024688211539455284,0.013710185066274194,5
test,rmse,E:P,mean(metric | contrast=+1) - mean(metric | contrast=-1),"[-0.002644233623103509, 0.03753633889535679, -0.00371515151528079, 0.004315985447464699, 0.03557216246905104]",0.014213020334697646,0.020638118844972075,-0.00168055696586078,0.030106597635256072,5
test,rmse,G:E:P,mean(metric | contrast=+1) - mean(metric | contrast=-1),"[-0.006098682552026169, -0.027046067585903777, -0.002694756256645281, 0.00170056736547608, 0.048364521432053276]",0.0028451164805908258,0.02773756854786396,-0.016426478329776107,0.027940810356573854,5
test,bias,G,mean(metric | contrast=+1) - mean(metric | contrast=-1),"[0.006628119118169372, 0.018156369439784152, 0.008203205445877854, 0.0272786339357102, 0.02425488771348172]",0.01690424313060466,0.009280821113524424,0.00956380371357572,0.0242446825476336,5
test,bias,E,mean(metric | contrast=+1) - mean(metric | contrast=-1),"[0.018761804784381383, 0.0005930505132162437, -0.0008274412050275175, -0.005777103810016702, -0.007063409712307608]",0.00113738011404916,0.010366293988242594,-0.005301693649935228,0.010220272211268738,5
test,bias,P,mean(metric | contrast=+1) - mean(metric | contrast=-1),"[-0.00264996989381628, -0.009006546477068902, -0.017766787655076208, 0.003907494239676609, 0.009629198678660827]",-0.0031773222215247905,0.010739088175813117,-0.011679883040524183,0.004884683188571719,5
test,bias,G:E,mean(metric | contrast=+1) - mean(metric | contrast=-1),"[-0.0022904996997799715, 0.003930599196565466, -0.0024985952752543082, -0.0030625217820891906, -0.010110660236718486]",-0.002806335559455298,0.004979103106862496,-0.007065834252132815,0.00124613610647058,5
test,bias,G:P,mean(metric | contrast=+1) - mean(metric | contrast=-1),"[-0.001971935188781946, -0.0023003705027982058, -0.003548954559794152, -0.002744452228527497, -0.018626541132334973]",-0.005838450722447355,0.007173176243885798,-0.012280102629116203,-0.00225781272233756,5
test,bias,E:P,mean(metric | contrast=+1) - mean(metric | contrast=-1),"[-0.00036427364088340367, -0.012329747862130664, 0.0063380111056222516, -0.021911570461847444, 0.003597859559054478]",-0.004933944260036956,0.011870849233622421,-0.014893319937723703,0.003901493537694011,5
test,bias,G:E:P,mean(metric | contrast=+1) - mean(metric | contrast=-1),"[-0.009963299055835952, 0.008053231361674424, -0.01396133050774083, -0.0015913884311127835, -0.015500867151211899]",-0.006592730756845408,0.009804712112091505,-0.01377753887474828,0.0017213950292339318,5
test,spearman,G,mean(metric | contrast=+1) - mean(metric | contrast=-1),"[0.0038171409346287044, 0.005420669774671261, 0.0027858127876596583, 0.004659885038335809, 0.005855566848432692]",0.004507815076745625,0.0012364451529520855,0.003519049814455788,0.005442471656908743,5
test,spearman,E,mean(metric | contrast=+1) - mean(metric | contrast=-1),"[0.0010194525425966106, -0.004259326457416224, -0.00019106328658091698, -0.0007928430270991438, 0.0022452990540584583]",-0.00039569623488824315,0.002454828960089863,-0.002510273971350241,0.0012707541178027082,5
test,spearman,P,mean(metric | contrast=+1) - mean(metric | contrast=-1),"[0.003410338436005911, -0.0007097256839629917, 0.0038061227948474885, 0.0005955701276609826, 0.0031247214641163534]",0.002045405427733549,0.0019887722789635755,0.00037534630235558364,0.0035115287851646302,5
test,spearman,G:E,mean(metric | contrast=+1) - mean(metric | contrast=-1),"[-0.0017202981439131682, 0.005776058023877928, 0.0024017246941911985, 0.0035821977599987953, -0.0014965531268471555]",0.0017086258414615197,0.003262106460115513,-0.0008063955694658897,0.004223647252388929,5
test,spearman,G:P,mean(metric | contrast=+1) - mean(metric | contrast=-1),"[-0.0007256896570894122, 0.0032353400007388844, 0.004900802443386421, 0.001852098976461658, -0.0009388200471229791]",0.0016647463432749143,0.0025232254531722025,-0.0002953840863926249,0.0036248767729424535,5
test,spearman,E:P,mean(metric | contrast=+1) - mean(metric | contrast=-1),"[-0.0030710963010972536, -0.0032822035230429814, -0.0018730613454153167, -0.00022171692341754756, -0.0003540348001949134]",-0.0017604225786336026,0.00144843985187873,-0.0029159321987391575,-0.0006049129585280477,5
test,spearman,G:E:P,mean(metric | contrast=+1) - mean(metric | contrast=-1),"[0.0018720917939494264, 0.0017421466779602435, -0.0009538649078769668, -0.0001290085118024198, -0.0033073334003463906]",-0.00015519366962322146,0.0021380091812646944,-0.001826743686191179,0.001419893686403384,5
test,r2,G,mean(metric | contrast=+1) - mean(metric | contrast=-1),"[0.007985181968794608, 0.002938260473567933, 0.00912712078795197, 0.010526342231135688, 0.00823936377860024]",0.007763253848010088,0.002874512317900302,0.0051854168354900755,0.009611550850121508,5
test,r2,E,mean(metric | contrast=+1) - mean(metric | contrast=-1),"[0.004923656725417169, -0.0033114900421047366, -0.004497558963630133, -0.0028429349340084453, 0.008756078743717977]",0.0006055503058783662,0.005881201761130176,-0.003692206589095637,0.0055760805828932725,5
test,r2,P,mean(metric | contrast=+1) - mean(metric | contrast=-1),"[-0.004483797526695699, 0.0005840074228956604, 0.007501395924702781, 0.007324119561795905, 0.00929607727478765]",0.00404436053149726,0.005809302136663836,-0.001073197846497731,0.008183813192155354,5
test,r2,G:E,mean(metric | contrast=+1) - mean(metric | contrast=-1),"[-0.006541850984244091, 0.009687075241129772, 0.005253091008104893, 0.008116693462060676, -0.0015869467834584983]",0.0029856123887185503,0.006856746902486569,-0.002619161254826019,0.008172125682897158,5
test,r2,G:P,mean(metric | contrast=+1) - mean(metric | contrast=-1),"[-0.0031172444354309325, 0.0034785041429374886, 0.006816940658844972, -0.0037457980712690686, 0.0012525573379668087]",0.0009369919266098536,0.004458083041281012,-0.002494705535086639,0.004368689388306346,5
test,r2,E:P,mean(metric | contrast=+1) - mean(metric | contrast=-1),"[0.0004483472830278945, -0.006572830290643039, 0.0006441279107738396, -0.0006072058160232485, -0.006230509039983123]",-0.002463613990569535,0.003628325592091521,-0.005242776895455115,0.0003155489143160439,5
test,r2,G:E:P,mean(metric | contrast=+1) - mean(metric | contrast=-1),"[0.0010333060080183198, 0.004701230686069757, 0.000438222287072465, -0.0004851810243649002, -0.00827042497631203]",-0.0005165694039032775,0.0047608413177899125,-0.004786966070958232,0.0028113466641833673,5
